ID,experimental_replicate,dose,ecuatorial,polar,
1,1,0,5.73,5.86,
1,1,0,6.11,6.01,
1,1,0,5.37,5.30,
1,1,0,6.03,5.43,
8,1,0,5.23,5.23,
8,1,0,5.60,5.18,
8,1,0,5.47,5.34,
8,1,0,5.59,5.79,
12B,1,0,6.11,5.91,
12B,1,0,6.10,6.24,
12B,1,0,6.57,6.34,
12B,1,0,6.38,6.31,
20,1,0,5.46,5.07,
20,1,0,5.87,5.84,
20,1,0,5.25,5.24,
20,1,0,5.39,5.65,
21,1,0,5.86,5.60,
21,1,0,5.94,6.09,
21,1,0,6.46,5.98,
21,1,0,5.80,5.74,
74SS1,1,0,5.72,5.36,
74SS1,1,0,6.34,6.01,
74SS1,1,0,6.54,6.61,
74SS1,1,0,6.46,6.59,
87,1,0,5.91,5.73,
87,1,0,5.97,5.47,
87,1,0,6.02,6.29,
87,1,0,5.35,5.25,
118,1,0,6.56,6.31,
118,1,0,6.35,6.29,
118,1,0,7.38,7.27,
118,1,0,6.67,6.78,
123,1,0,6.67,6.46,
123,1,0,5.66,6.17,
123,1,0,6.13,6.42,
123,1,0,6.27,5.57,
129,1,0,5.35,5.90,
129,1,0,5.62,5.67,
129,1,0,5.59,6.09,
129,1,0,5.95,5.87,
449,1,0,6.78,6.61,
449,1,0,7.71,7.84,
449,1,0,5.72,5.69,
449,1,0,8.21,8.21,
461,1,0,5.07,4.95,
461,1,0,5.83,5.09,
461,1,0,4.96,5.14,
461,1,0,4.96,4.67,
467,1,0,4.93,4.92,
467,1,0,5.10,5.33,
467,1,0,5.69,5.97,
467,1,0,4.66,4.71,
475,1,0,5.74,6.11,
475,1,0,6.13,6.05,
475,1,0,6.86,6.06,
475,1,0,5.89,6.26,
558,1,0,5.40,5.46,
558,1,0,6.20,5.89,
558,1,0,6.14,6.08,
558,1,0,5.78,6.00,
564,1,0,5.50,5.54,
564,1,0,5.59,5.42,
564,1,0,6.21,5.91,
564,1,0,5.66,6.09,
568,1,0,6.05,5.36,
568,1,0,6.05,6.09,
568,1,0,6.44,6.34,
568,1,0,5.48,5.34,
581,1,0,6.47,6.25,
581,1,0,6.70,6.71,
581,1,0,6.66,6.72,
581,1,0,6.61,7.09,
645,1,0,5.75,5.92,
645,1,0,6.03,5.45,
645,1,0,5.28,5.68,
645,1,0,5.57,5.67,
667,1,0,6.18,6.12,
667,1,0,6.01,5.68,
667,1,0,5.91,5.78,
667,1,0,5.57,5.68,
800,1,0,6.43,6.57,
800,1,0,6.81,6.79,
800,1,0,7.15,7.46,
800,1,0,6.57,6.41,
62-02,1,0,4.47,4.53,
62-02,1,0,5.24,4.75,
62-02,1,0,5.53,5.21,
62-02,1,0,5.51,5.64,
62-03,1,0,5.86,5.94,
62-03,1,0,6.59,6.15,
62-03,1,0,6.50,6.26,
62-03,1,0,6.33,5.81,
62-04,1,0,6.26,6.01,
62-04,1,0,6.81,6.84,
62-04,1,0,6.72,7.02,
62-04,1,0,6.69,6.95,
78-01,1,0,7.79,7.65,
78-01,1,0,7.78,7.86,
78-01,1,0,8.07,7.91,
78-01,1,0,7.80,7.88,
78-02,1,0,5.55,6.03,
78-02,1,0,6.18,6.21,
78-02,1,0,6.49,6.80,
78-02,1,0,6.77,6.66,
78-05,1,0,5.69,5.67,
78-05,1,0,6.02,6.18,
78-05,1,0,6.16,6.35,
78-05,1,0,6.33,6.25,
S-01,1,0,6.05,6.18,
S-01,1,0,5.96,6.48,
S-01,1,0,6.47,6.46,
S-01,1,0,6.78,7.09,
H-01,1,0,6.16,6.09,
H-01,1,0,6.40,6.77,
H-01,1,0,6.56,6.53,
H-01,1,0,6.14,6.14,
H-03,1,0,5.85,5.74,
H-03,1,0,5.91,5.72,
H-03,1,0,6.00,6.12,
H-03,1,0,6.84,6.66,
H-04,1,0,5.75,5.79,
H-04,1,0,5.97,6.01,
H-04,1,0,7.07,6.80,
H-04,1,0,6.18,6.11,
I-20,1,0,5.71,5.77,
I-20,1,0,5.66,5.67,
I-20,1,0,5.51,5.83,
I-20,1,0,6.01,6.13,
419,1,0,5.80,5.76,
419,1,0,6.75,6.82,
419,1,0,6.80,6.90,
419,1,0,6.58,6.45,
413,1,0,5.70,6.03,
413,1,0,6.50,6.29,
413,1,0,5.91,6.00,
413,1,0,6.73,6.53,
W212,1,0,6.02,5.90,
W212,1,0,7.02,7.04,
W212,1,0,6.32,6.49,
W212,1,0,6.24,6.13,
318,1,0,4.61,4.77,
318,1,0,5.36,5.33,
318,1,0,6.30,6.28,
318,1,0,5.98,5.83,
1025,1,0,5.98,5.95,
1025,1,0,5.83,5.72,
1025,1,0,5.10,4.86,
1025,1,0,5.89,6.07,
1026,1,0,5.95,5.97,
1026,1,0,6.27,6.38,
1026,1,0,6.62,6.41,
1026,1,0,6.13,6.63,
1027,1,0,5.54,5.32,
1027,1,0,6.23,6.13,
1027,1,0,6.63,6.60,
1027,1,0,6.18,5.96,
1029,1,0,5.62,5.13,
1029,1,0,5.21,5.43,
1029,1,0,6.23,6.04,
1029,1,0,5.74,6.03,
1032,1,0,6.45,6.32,
1032,1,0,5.77,6.27,
1032,1,0,6.15,5.97,
1032,1,0,6.17,6.31,
1033,1,0,6.47,6.48,
1033,1,0,6.21,6.08,
1033,1,0,6.70,6.64,
1033,1,0,6.59,6.17,
1,1,0.025,5.67,5.64,
1,1,0.025,6.27,6.12,
1,1,0.025,6.46,6.32,
1,1,0.025,5.24,5.31,
8,1,0.025,4.89,4.78,
8,1,0.025,5.03,5.04,
8,1,0.025,5.24,5.14,
8,1,0.025,4.28,4.45,
12B,1,0.025,5.60,5.69,
12B,1,0.025,5.44,5.27,
12B,1,0.025,5.88,5.71,
12B,1,0.025,4.77,4.85,
20,1,0.025,5.34,5.22,
20,1,0.025,5.61,5.34,
20,1,0.025,5.82,5.73,
20,1,0.025,4.91,4.84,
21,1,0.025,5.71,5.38,
21,1,0.025,5.48,5.26,
21,1,0.025,5.57,5.43,
21,1,0.025,4.61,4.60,
74SS1,1,0.025,5.21,5.12,
74SS1,1,0.025,5.17,5.03,
74SS1,1,0.025,5.49,5.41,
74SS1,1,0.025,4.38,4.25,
87,1,0.025,4.45,4.28,
87,1,0.025,4.72,4.71,
87,1,0.025,5.04,4.84,
87,1,0.025,3.83,3.82,
118,1,0.025,5.61,5.33,
118,1,0.025,5.22,5.35,
118,1,0.025,5.15,5.16,
118,1,0.025,4.26,4.34,
123,1,0.025,5.31,5.25,
123,1,0.025,5.47,5.19,
123,1,0.025,6.17,5.87,
123,1,0.025,4.91,5.24,
129,1,0.025,5.88,5.89,
129,1,0.025,5.96,5.98,
129,1,0.025,6.42,6.16,
129,1,0.025,5.08,5.20,
449,1,0.025,5.75,5.60,
449,1,0.025,5.60,5.60,
449,1,0.025,5.99,5.96,
449,1,0.025,5.84,5.79,
461,1,0.025,4.71,4.58,
461,1,0.025,5.08,5.11,
461,1,0.025,4.97,5.12,
461,1,0.025,4.14,4.36,
467,1,0.025,5.47,5.33,
467,1,0.025,5.59,5.98,
467,1,0.025,5.76,5.71,
467,1,0.025,5.03,5.07,
475,1,0.025,5.29,5.91,
475,1,0.025,5.76,5.71,
475,1,0.025,5.75,5.98,
475,1,0.025,5.27,5.12,
558,1,0.025,4.75,4.78,
558,1,0.025,5.09,5.05,
558,1,0.025,5.40,5.43,
558,1,0.025,4.29,4.30,
564,1,0.025,4.77,4.87,
564,1,0.025,4.57,4.57,
564,1,0.025,5.43,5.19,
564,1,0.025,4.68,4.33,
568,1,0.025,5.46,5.37,
568,1,0.025,6.12,6.15,
568,1,0.025,5.94,5.87,
568,1,0.025,5.01,4.94,
581,1,0.025,5.50,5.85,
581,1,0.025,5.27,6.83,
581,1,0.025,6.12,6.28,
581,1,0.025,5.29,5.26,
645,1,0.025,5.65,5.66,
645,1,0.025,5.55,5.68,
645,1,0.025,5.74,5.91,
645,1,0.025,4.71,4.80,
667,1,0.025,4.63,4.57,
667,1,0.025,4.96,4.75,
667,1,0.025,5.43,5.30,
667,1,0.025,4.19,4.25,
800,1,0.025,,,
800,1,0.025,,,
800,1,0.025,,,
800,1,0.025,,,
62-02,1,0.025,5.35,5.35,
62-02,1,0.025,5.35,5.28,
62-02,1,0.025,5.14,5.07,
62-02,1,0.025,4.65,4.81,
62-03,1,0.025,5.00,4.96,
62-03,1,0.025,5.51,5.40,
62-03,1,0.025,5.49,5.38,
62-03,1,0.025,4.70,4.81,
62-04,1,0.025,5.74,5.87,
62-04,1,0.025,5.51,5.52,
62-04,1,0.025,5.18,5.20,
62-04,1,0.025,4.67,4.94,
78-01,1,0.025,5.42,5.44,
78-01,1,0.025,5.63,5.84,
78-01,1,0.025,5.50,5.52,
78-01,1,0.025,4.39,4.36,
78-02,1,0.025,5.54,5.78,
78-02,1,0.025,5.96,6.08,
78-02,1,0.025,6.19,6.09,
78-02,1,0.025,5.19,5.04,
78-05,1,0.025,5.34,5.34,
78-05,1,0.025,5.53,5.50,
78-05,1,0.025,5.49,5.65,
78-05,1,0.025,5.18,5.09,
S-01,1,0.025,5.17,5.14,
S-01,1,0.025,5.22,5.32,
S-01,1,0.025,5.30,5.58,
S-01,1,0.025,4.67,4.67,
H-01,1,0.025,5.48,5.52,
H-01,1,0.025,4.16,4.26,
H-01,1,0.025,5.49,5.42,
H-01,1,0.025,5.22,5.15,
H-03,1,0.025,3.26,3.10,
H-03,1,0.025,,,
H-03,1,0.025,5.67,5.81,
H-03,1,0.025,4.87,4.79,
H-04,1,0.025,5.35,5.50,
H-04,1,0.025,5.08,5.12,
H-04,1,0.025,5.43,5.38,
H-04,1,0.025,4.26,4.39,
I-20,1,0.025,3.96,3.90,
I-20,1,0.025,4.53,4.42,
I-20,1,0.025,4.72,4.74,
I-20,1,0.025,3.48,3.42,
419,1,0.025,5.30,5.28,
419,1,0.025,5.70,5.46,
419,1,0.025,5.69,5.75,
419,1,0.025,4.53,4.48,
413,1,0.025,5.42,5.21,
413,1,0.025,5.28,5.35,
413,1,0.025,5.19,5.01,
413,1,0.025,5.15,5.26,
W212,1,0.025,4.91,5.13,
W212,1,0.025,5.15,5.18,
W212,1,0.025,5.60,5.39,
W212,1,0.025,4.65,4.48,
318,1,0.025,5.65,5.66,
318,1,0.025,5.95,5.86,
318,1,0.025,5.53,5.72,
318,1,0.025,4.84,4.73,
1025,1,0.025,5.69,5.79,
1025,1,0.025,5.78,5.66,
1025,1,0.025,5.90,6.11,
1025,1,0.025,5.39,5.33,
1026,1,0.025,5.46,5.40,
1026,1,0.025,6.02,6.08,
1026,1,0.025,5.80,5.77,
1026,1,0.025,5.38,5.12,
1027,1,0.025,5.61,5.46,
1027,1,0.025,5.62,6.13,
1027,1,0.025,5.45,5.58,
1027,1,0.025,5.39,5.29,
1029,1,0.025,5.55,5.49,
1029,1,0.025,6.23,6.06,
1029,1,0.025,6.00,5.79,
1029,1,0.025,5.26,5.45,
1032,1,0.025,3.47,3.44,
1032,1,0.025,4.31,4.21,
1032,1,0.025,4.57,4.43,
1032,1,0.025,3.34,3.44,
1033,1,0.025,4.99,5.19,
1033,1,0.025,5.19,5.10,
1033,1,0.025,6.48,6.61,
1033,1,0.025,4.99,5.16,
1,1,0.05,2.84,2.90,
1,1,0.05,2.77,2.99,
1,1,0.05,2.72,2.64,
1,1,0.05,1.79,1.70,
8,1,0.05,2.65,2.93,
8,1,0.05,2.92,2.59,
8,1,0.05,2.68,2.24,
8,1,0.05,1.59,1.86,
12B,1,0.05,2.91,2.93,
12B,1,0.05,2.91,3.47,
12B,1,0.05,2.85,3.18,
12B,1,0.05,2.02,1.76,
20,1,0.05,2.96,2.86,
20,1,0.05,3.04,3.15,
20,1,0.05,3.06,2.57,
20,1,0.05,2.02,1.96,
21,1,0.05,3.20,3.32,
21,1,0.05,2.72,3.40,
21,1,0.05,3.15,3.14,
21,1,0.05,2.10,2.29,
74SS1,1,0.05,3.36,3.38,
74SS1,1,0.05,3.33,3.25,
74SS1,1,0.05,3.04,2.88,
74SS1,1,0.05,2.12,2.10,
87,1,0.05,2.67,2.62,
87,1,0.05,2.74,2.26,
87,1,0.05,2.40,2.67,
87,1,0.05,1.41,1.52,
118,1,0.05,3.31,3.07,
118,1,0.05,3.29,3.24,
118,1,0.05,3.17,3.31,
118,1,0.05,2.40,2.32,
123,1,0.05,3.22,3.35,
123,1,0.05,2.97,3.39,
123,1,0.05,2.82,3.22,
123,1,0.05,1.84,2.14,
129,1,0.05,3.00,3.19,
129,1,0.05,2.99,3.12,
129,1,0.05,3.01,2.92,
129,1,0.05,1.82,1.47,
449,1,0.05,4.82,4.76,
449,1,0.05,4.85,4.81,
449,1,0.05,4.92,4.86,
449,1,0.05,5.25,5.30,
461,1,0.05,2.53,2.51,
461,1,0.05,2.58,2.28,
461,1,0.05,2.21,2.56,
461,1,0.05,1.88,1.94,
467,1,0.05,2.83,2.59,
467,1,0.05,2.70,2.65,
467,1,0.05,2.77,2.59,
467,1,0.05,2.10,1.90,
475,1,0.05,3.12,2.92,
475,1,0.05,3.21,3.03,
475,1,0.05,2.96,3.14,
475,1,0.05,2.12,2.09,
558,1,0.05,2.75,2.83,
558,1,0.05,2.87,2.55,
558,1,0.05,2.61,2.52,
558,1,0.05,2.08,1.86,
564,1,0.05,3.83,3.88,
564,1,0.05,3.86,3.43,
564,1,0.05,3.45,3.74,
564,1,0.05,2.29,2.71,
568,1,0.05,3.27,3.12,
568,1,0.05,3.35,3.03,
568,1,0.05,2.45,2.71,
568,1,0.05,2.00,2.10,
581,1,0.05,3.01,3.13,
581,1,0.05,3.03,3.25,
581,1,0.05,2.91,2.87,
581,1,0.05,2.34,2.23,
645,1,0.05,3.37,3.29,
645,1,0.05,3.31,3.35,
645,1,0.05,3.32,3.10,
645,1,0.05,2.19,2.23,
667,1,0.05,2.82,3.20,
667,1,0.05,2.83,3.05,
667,1,0.05,2.57,2.54,
667,1,0.05,1.91,1.96,
800,1,0.05,3.00,3.02,
800,1,0.05,3.38,3.33,
800,1,0.05,2.69,2.63,
800,1,0.05,1.97,2.08,
62-02,1,0.05,2.95,3.00,
62-02,1,0.05,3.15,3.41,
62-02,1,0.05,2.87,3.16,
62-02,1,0.05,1.89,2.04,
62-03,1,0.05,3.12,3.16,
62-03,1,0.05,3.23,3.39,
62-03,1,0.05,3.32,3.27,
62-03,1,0.05,1.94,2.07,
62-04,1,0.05,3.06,3.29,
62-04,1,0.05,3.31,3.17,
62-04,1,0.05,3.14,2.94,
62-04,1,0.05,2.41,2.43,
78-01,1,0.05,4.89,5.01,
78-01,1,0.05,4.82,4.98,
78-01,1,0.05,4.23,4.00,
78-01,1,0.05,3.34,3.25,
78-02,1,0.05,2.86,3.21,
78-02,1,0.05,3.03,2.97,
78-02,1,0.05,3.03,3.05,
78-02,1,0.05,2.02,2.05,
78-05,1,0.05,3.46,3.40,
78-05,1,0.05,3.26,3.61,
78-05,1,0.05,2.91,3.08,
78-05,1,0.05,2.20,2.26,
S-01,1,0.05,3.14,3.28,
S-01,1,0.05,3.37,3.22,
S-01,1,0.05,2.75,2.91,
S-01,1,0.05,2.12,2.15,
H-01,1,0.05,3.41,3.45,
H-01,1,0.05,3.51,3.38,
H-01,1,0.05,3.00,3.21,
H-01,1,0.05,2.33,2.17,
H-03,1,0.05,3.10,3.05,
H-03,1,0.05,3.22,3.07,
H-03,1,0.05,2.63,2.95,
H-03,1,0.05,1.97,2.03,
H-04,1,0.05,3.14,3.44,
H-04,1,0.05,2.79,3.34,
H-04,1,0.05,2.94,2.59,
H-04,1,0.05,2.35,2.12,
I-20,1,0.05,1.62,1.77,
I-20,1,0.05,1.58,1.59,
I-20,1,0.05,1.41,1.46,
I-20,1,0.05,1.12,1.34,
419,1,0.05,3.52,3.20,
419,1,0.05,3.48,3.12,
419,1,0.05,2.89,2.80,
419,1,0.05,2.16,1.90,
413,1,0.05,3.18,3.40,
413,1,0.05,3.49,3.51,
413,1,0.05,3.34,3.25,
413,1,0.05,2.28,2.27,
W212,1,0.05,3.36,3.51,
W212,1,0.05,3.37,3.36,
W212,1,0.05,3.16,2.93,
W212,1,0.05,2.43,2.65,
318,1,0.05,2.39,2.36,
318,1,0.05,2.54,2.72,
318,1,0.05,2.40,2.71,
318,1,0.05,1.69,1.66,
1025,1,0.05,2.68,2.52,
1025,1,0.05,2.58,2.65,
1025,1,0.05,1.95,2.14,
1025,1,0.05,1.66,2.15,
1026,1,0.05,3.15,2.98,
1026,1,0.05,3.24,3.54,
1026,1,0.05,2.79,3.40,
1026,1,0.05,2.08,2.44,
1027,1,0.05,3.27,3.31,
1027,1,0.05,2.97,3.12,
1027,1,0.05,2.72,2.52,
1027,1,0.05,2.09,2.25,
1029,1,0.05,3.55,3.46,
1029,1,0.05,2.97,3.22,
1029,1,0.05,3.17,3.17,
1029,1,0.05,2.40,2.21,
1032,1,0.05,2.30,2.22,
1032,1,0.05,2.30,2.44,
1032,1,0.05,1.94,2.11,
1032,1,0.05,1.90,1.55,
1033,1,0.05,3.25,3.12,
1033,1,0.05,2.95,2.89,
1033,1,0.05,2.91,2.87,
1033,1,0.05,2.28,2.07,
1,1,0.1,2.11,2.48,
1,1,0.1,2.71,2.14,
1,1,0.1,1.96,2.58,
1,1,0.1,2.08,2.67,
8,1,0.1,2.24,2.00,
8,1,0.1,2.13,1.90,
8,1,0.1,1.80,2.36,
8,1,0.1,2.29,1.91,
12B,1,0.1,2.09,2.20,
12B,1,0.1,2.39,2.37,
12B,1,0.1,2.61,2.46,
12B,1,0.1,2.68,2.24,
20,1,0.1,1.96,2.64,
20,1,0.1,2.79,2.55,
20,1,0.1,2.34,2.48,
20,1,0.1,2.44,2.43,
21,1,0.1,2.38,2.73,
21,1,0.1,2.70,2.80,
21,1,0.1,2.57,2.91,
21,1,0.1,2.76,2.73,
74SS1,1,0.1,2.67,2.27,
74SS1,1,0.1,2.69,2.58,
74SS1,1,0.1,2.83,2.40,
74SS1,1,0.1,2.75,2.88,
87,1,0.1,2.41,2.09,
87,1,0.1,2.14,2.29,
87,1,0.1,2.16,2.37,
87,1,0.1,2.06,2.46,
118,1,0.1,2.47,2.67,
118,1,0.1,2.40,2.41,
118,1,0.1,1.95,2.49,
118,1,0.1,2.11,2.40,
123,1,0.1,2.10,2.27,
123,1,0.1,2.26,2.35,
123,1,0.1,1.69,2.53,
123,1,0.1,1.99,1.74,
129,1,0.1,2.27,2.43,
129,1,0.1,2.59,2.58,
129,1,0.1,2.45,2.62,
129,1,0.1,2.04,2.06,
449,1,0.1,4.14,3.98,
449,1,0.1,4.13,4.08,
449,1,0.1,4.15,4.07,
449,1,0.1,4.29,4.00,
461,1,0.1,1.79,1.93,
461,1,0.1,1.78,1.83,
461,1,0.1,1.88,1.80,
461,1,0.1,1.98,1.91,
467,1,0.1,1.74,2.15,
467,1,0.1,2.22,2.05,
467,1,0.1,2.31,2.14,
467,1,0.1,1.63,1.45,
475,1,0.1,2.44,2.18,
475,1,0.1,2.18,2.13,
475,1,0.1,2.59,2.64,
475,1,0.1,2.26,2.36,
558,1,0.1,2.27,2.25,
558,1,0.1,2.38,2.36,
558,1,0.1,2.15,2.59,
558,1,0.1,2.31,2.35,
564,1,0.1,2.97,2.65,
564,1,0.1,3.02,2.81,
564,1,0.1,2.77,2.66,
564,1,0.1,3.07,3.06,
568,1,0.1,2.25,2.53,
568,1,0.1,2.49,2.69,
568,1,0.1,2.31,2.12,
568,1,0.1,2.30,2.06,
581,1,0.1,2.60,2.54,
581,1,0.1,2.76,2.68,
581,1,0.1,2.70,2.73,
581,1,0.1,2.77,2.73,
645,1,0.1,2.91,2.46,
645,1,0.1,2.52,2.45,
645,1,0.1,2.77,2.77,
645,1,0.1,2.84,2.16,
667,1,0.1,2.31,2.46,
667,1,0.1,2.21,2.52,
667,1,0.1,2.18,2.15,
667,1,0.1,2.41,2.03,
800,1,0.1,2.28,2.43,
800,1,0.1,2.36,2.41,
800,1,0.1,1.95,1.90,
800,1,0.1,2.03,2.13,
62-02,1,0.1,2.20,2.36,
62-02,1,0.1,2.41,2.38,
62-02,1,0.1,2.29,2.23,
62-02,1,0.1,2.28,2.15,
62-03,1,0.1,2.18,2.32,
62-03,1,0.1,2.71,2.57,
62-03,1,0.1,2.68,2.59,
62-03,1,0.1,2.73,2.41,
62-04,1,0.1,2.59,2.48,
62-04,1,0.1,2.72,2.89,
62-04,1,0.1,2.71,2.52,
62-04,1,0.1,2.56,2.71,
78-01,1,0.1,3.18,3.01,
78-01,1,0.1,3.40,3.48,
78-01,1,0.1,3.34,3.36,
78-01,1,0.1,3.43,3.51,
78-02,1,0.1,2.12,2.19,
78-02,1,0.1,2.39,2.12,
78-02,1,0.1,2.24,2.49,
78-02,1,0.1,2.29,2.43,
78-05,1,0.1,2.40,2.41,
78-05,1,0.1,2.47,2.43,
78-05,1,0.1,2.68,2.50,
78-05,1,0.1,2.58,2.58,
S-01,1,0.1,2.06,2.09,
S-01,1,0.1,2.20,2.33,
S-01,1,0.1,1.62,1.76,
S-01,1,0.1,2.08,1.80,
H-01,1,0.1,2.91,2.59,
H-01,1,0.1,2.70,2.95,
H-01,1,0.1,2.88,2.67,
H-01,1,0.1,2.66,2.73,
H-03,1,0.1,2.40,2.62,
H-03,1,0.1,2.66,2.80,
H-03,1,0.1,2.53,2.37,
H-03,1,0.1,2.10,2.74,
H-04,1,0.1,2.20,2.58,
H-04,1,0.1,1.97,2.00,
H-04,1,0.1,1.91,2.00,
H-04,1,0.1,2.01,2.15,
I-20,1,0.1,1.09,0.97,
I-20,1,0.1,1.08,0.96,
I-20,1,0.1,0.50,0.50,
I-20,1,0.1,1.03,1.14,
419,1,0.1,1.93,2.25,
419,1,0.1,2.42,2.34,
419,1,0.1,1.98,2.27,
419,1,0.1,2.31,2.28,
413,1,0.1,2.67,2.59,
413,1,0.1,2.66,2.24,
413,1,0.1,2.60,2.58,
413,1,0.1,2.52,2.62,
W212,1,0.1,2.46,2.65,
W212,1,0.1,2.71,2.74,
W212,1,0.1,2.77,2.44,
W212,1,0.1,2.80,2.69,
318,1,0.1,1.93,1.76,
318,1,0.1,1.65,2.02,
318,1,0.1,1.86,2.06,
318,1,0.1,1.65,1.72,
1025,1,0.1,2.41,2.19,
1025,1,0.1,2.19,2.20,
1025,1,0.1,2.22,2.20,
1025,1,0.1,2.08,2.28,
1026,1,0.1,2.60,2.41,
1026,1,0.1,2.69,2.75,
1026,1,0.1,2.03,2.20,
1026,1,0.1,2.37,2.46,
1027,1,0.1,2.36,2.41,
1027,1,0.1,2.77,2.62,
1027,1,0.1,2.31,2.48,
1027,1,0.1,2.38,2.35,
1029,1,0.1,2.56,2.45,
1029,1,0.1,2.34,2.57,
1029,1,0.1,2.68,2.40,
1029,1,0.1,2.63,2.18,
1032,1,0.1,1.95,2.01,
1032,1,0.1,2.04,2.03,
1032,1,0.1,1.78,1.91,
1032,1,0.1,1.82,2.02,
1033,1,0.1,2.22,2.39,
1033,1,0.1,2.55,2.43,
1033,1,0.1,2.29,2.06,
1033,1,0.1,2.52,2.40,
1,1,0.2,1.93,1.57,
1,1,0.2,1.94,2.38,
1,1,0.2,1.98,1.43,
1,1,0.2,1.78,1.75,
8,1,0.2,1.81,1.58,
8,1,0.2,1.33,1.49,
8,1,0.2,1.83,1.72,
8,1,0.2,1.93,1.89,
12B,1,0.2,1.91,2.10,
12B,1,0.2,2.24,2.18,
12B,1,0.2,2.02,1.97,
12B,1,0.2,1.77,2.29,
20,1,0.2,2.01,1.87,
20,1,0.2,1.84,1.65,
20,1,0.2,1.94,2.04,
20,1,0.2,1.73,2.20,
21,1,0.2,2.34,2.14,
21,1,0.2,1.99,2.01,
21,1,0.2,2.23,2.60,
21,1,0.2,2.10,2.39,
74SS1,1,0.2,1.92,1.96,
74SS1,1,0.2,2.13,1.79,
74SS1,1,0.2,2.06,2.26,
74SS1,1,0.2,2.00,2.06,
87,1,0.2,1.97,2.33,
87,1,0.2,1.94,1.61,
87,1,0.2,2.11,2.17,
87,1,0.2,1.85,2.34,
118,1,0.2,2.40,2.25,
118,1,0.2,1.68,1.67,
118,1,0.2,1.68,2.34,
118,1,0.2,2.16,1.93,
123,1,0.2,1.80,1.81,
123,1,0.2,1.86,1.66,
123,1,0.2,2.29,2.31,
123,1,0.2,1.37,1.79,
129,1,0.2,2.02,2.19,
129,1,0.2,1.81,2.06,
129,1,0.2,2.16,2.11,
129,1,0.2,2.13,2.11,
449,1,0.2,3.29,3.39,
449,1,0.2,3.29,3.41,
449,1,0.2,3.22,3.30,
449,1,0.2,3.51,3.30,
461,1,0.2,1.99,1.64,
461,1,0.2,2.08,1.55,
461,1,0.2,1.49,1.74,
461,1,0.2,1.57,1.55,
467,1,0.2,2.04,1.92,
467,1,0.2,1.92,1.82,
467,1,0.2,1.99,1.84,
467,1,0.2,2.18,1.81,
475,1,0.2,2.22,2.27,
475,1,0.2,2.36,1.77,
475,1,0.2,2.24,2.00,
475,1,0.2,2.39,2.23,
558,1,0.2,1.90,2.16,
558,1,0.2,2.13,2.31,
558,1,0.2,2.47,2.23,
558,1,0.2,2.34,2.45,
564,1,0.2,2.18,2.25,
564,1,0.2,2.24,2.36,
564,1,0.2,2.06,2.40,
564,1,0.2,2.34,2.01,
568,1,0.2,2.04,2.07,
568,1,0.2,2.19,1.69,
568,1,0.2,2.35,1.78,
568,1,0.2,2.02,1.87,
581,1,0.2,2.62,2.29,
581,1,0.2,2.33,2.20,
581,1,0.2,2.42,2.17,
581,1,0.2,2.31,2.38,
645,1,0.2,2.28,2.28,
645,1,0.2,2.24,2.11,
645,1,0.2,2.33,2.63,
645,1,0.2,2.34,2.44,
667,1,0.2,2.35,2.18,
667,1,0.2,2.41,2.61,
667,1,0.2,2.44,2.44,
667,1,0.2,2.46,2.49,
800,1,0.2,1.82,1.72,
800,1,0.2,1.44,1.62,
800,1,0.2,2.07,2.02,
800,1,0.2,2.01,1.80,
62-02,1,0.2,1.86,2.34,
62-02,1,0.2,2.03,2.14,
62-02,1,0.2,2.12,2.36,
62-02,1,0.2,2.15,2.02,
62-03,1,0.2,1.76,1.93,
62-03,1,0.2,2.11,2.14,
62-03,1,0.2,1.97,1.98,
62-03,1,0.2,1.93,2.00,
62-04,1,0.2,2.32,2.33,
62-04,1,0.2,2.24,2.14,
62-04,1,0.2,2.27,2.53,
62-04,1,0.2,2.26,2.19,
78-01,1,0.2,2.80,2.51,
78-01,1,0.2,2.44,2.35,
78-01,1,0.2,2.64,2.66,
78-01,1,0.2,2.54,2.68,
78-02,1,0.2,2.32,2.33,
78-02,1,0.2,2.37,2.09,
78-02,1,0.2,2.62,2.06,
78-02,1,0.2,2.13,1.98,
78-05,1,0.2,2.59,2.38,
78-05,1,0.2,2.04,2.49,
78-05,1,0.2,2.29,2.25,
78-05,1,0.2,2.15,2.33,
S-01,1,0.2,1.49,1.58,
S-01,1,0.2,1.53,1.62,
S-01,1,0.2,1.56,1.47,
S-01,1,0.2,1.31,1.44,
H-01,1,0.2,2.42,2.05,
H-01,1,0.2,2.32,2.27,
H-01,1,0.2,2.34,2.55,
H-01,1,0.2,2.50,2.15,
H-03,1,0.2,2.30,2.26,
H-03,1,0.2,2.26,2.17,
H-03,1,0.2,2.49,2.45,
H-03,1,0.2,2.03,2.26,
H-04,1,0.2,1.31,1.36,
H-04,1,0.2,1.23,1.05,
H-04,1,0.2,0.97,1.20,
H-04,1,0.2,1.10,1.15,
I-20,1,0.2,1.03,1.17,
I-20,1,0.2,0.99,0.99,
I-20,1,0.2,0.82,0.69,
I-20,1,0.2,1.03,0.70,
419,1,0.2,1.31,1.27,
419,1,0.2,1.75,1.94,
419,1,0.2,1.74,1.75,
419,1,0.2,1.74,1.79,
413,1,0.2,2.59,2.18,
413,1,0.2,2.37,1.96,
413,1,0.2,2.32,2.27,
413,1,0.2,2.06,1.92,
W212,1,0.2,2.20,2.48,
W212,1,0.2,2.24,2.27,
W212,1,0.2,2.07,2.11,
W212,1,0.2,1.98,2.12,
318,1,0.2,1.79,1.38,
318,1,0.2,1.54,1.31,
318,1,0.2,1.90,1.53,
318,1,0.2,1.56,1.68,
1025,1,0.2,1.87,2.00,
1025,1,0.2,1.26,1.50,
1025,1,0.2,1.42,1.24,
1025,1,0.2,1.74,2.30,
1026,1,0.2,2.06,1.74,
1026,1,0.2,2.27,1.71,
1026,1,0.2,2.07,2.02,
1026,1,0.2,2.21,2.09,
1027,1,0.2,2.19,2.19,
1027,1,0.2,2.19,2.07,
1027,1,0.2,2.26,2.05,
1027,1,0.2,1.93,2.17,
1029,1,0.2,2.36,2.41,
1029,1,0.2,2.05,2.11,
1029,1,0.2,2.28,2.14,
1029,1,0.2,1.91,2.12,
1032,1,0.2,1.73,1.91,
1032,1,0.2,1.76,1.78,
1032,1,0.2,1.68,1.74,
1032,1,0.2,1.81,1.96,
1033,1,0.2,2.30,2.00,
1033,1,0.2,1.94,1.88,
1033,1,0.2,2.05,2.30,
1033,1,0.2,2.29,1.88,
1,1,0.4,1.35,1.71,
1,1,0.4,1.69,1.73,
1,1,0.4,1.91,1.49,
1,1,0.4,1.63,1.22,
8,1,0.4,1.25,1.88,
8,1,0.4,1.61,1.47,
8,1,0.4,1.38,1.20,
8,1,0.4,1.08,1.09,
12B,1,0.4,1.80,1.72,
12B,1,0.4,1.96,2.05,
12B,1,0.4,2.01,1.68,
12B,1,0.4,1.32,1.53,
20,1,0.4,2.18,1.76,
20,1,0.4,1.79,1.83,
20,1,0.4,1.84,1.82,
20,1,0.4,1.43,1.18,
21,1,0.4,1.74,2.25,
21,1,0.4,2.40,2.12,
21,1,0.4,2.22,2.21,
21,1,0.4,1.76,1.59,
74SS1,1,0.4,2.32,1.94,
74SS1,1,0.4,1.71,2.09,
74SS1,1,0.4,2.03,1.45,
74SS1,1,0.4,1.47,1.56,
87,1,0.4,1.88,1.82,
87,1,0.4,1.82,1.73,
87,1,0.4,1.90,1.88,
87,1,0.4,1.45,1.08,
118,1,0.4,1.46,1.49,
118,1,0.4,1.45,1.50,
118,1,0.4,1.67,1.68,
118,1,0.4,1.47,1.31,
123,1,0.4,1.31,1.42,
123,1,0.4,1.81,1.50,
123,1,0.4,1.47,1.53,
123,1,0.4,1.28,1.37,
129,1,0.4,1.49,1.68,
129,1,0.4,1.65,2.05,
129,1,0.4,1.59,2.07,
129,1,0.4,1.47,1.73,
449,1,0.4,,,
449,1,0.4,,,
449,1,0.4,,,
449,1,0.4,,,
461,1,0.4,1.38,1.28,
461,1,0.4,1.43,1.35,
461,1,0.4,1.57,1.49,
461,1,0.4,1.36,1.49,
467,1,0.4,1.86,1.55,
467,1,0.4,1.96,1.59,
467,1,0.4,2.00,2.06,
467,1,0.4,1.24,1.42,
475,1,0.4,1.74,1.77,
475,1,0.4,2.22,1.81,
475,1,0.4,2.14,1.74,
475,1,0.4,1.55,1.45,
558,1,0.4,2.18,1.78,
558,1,0.4,1.72,1.69,
558,1,0.4,1.86,1.77,
558,1,0.4,1.71,1.42,
564,1,0.4,2.43,1.79,
564,1,0.4,1.81,2.01,
564,1,0.4,1.68,1.97,
564,1,0.4,1.58,1.79,
568,1,0.4,1.93,1.93,
568,1,0.4,1.72,1.77,
568,1,0.4,1.90,2.04,
568,1,0.4,1.50,1.66,
581,1,0.4,1.95,2.27,
581,1,0.4,2.23,2.25,
581,1,0.4,2.20,2.20,
581,1,0.4,1.85,1.86,
645,1,0.4,2.05,1.76,
645,1,0.4,2.09,1.56,
645,1,0.4,1.73,1.87,
645,1,0.4,1.36,1.44,
667,1,0.4,2.55,2.21,
667,1,0.4,2.31,2.64,
667,1,0.4,2.10,1.96,
667,1,0.4,1.97,1.70,
800,1,0.4,1.47,1.54,
800,1,0.4,1.79,1.79,
800,1,0.4,1.17,1.40,
800,1,0.4,1.47,1.23,
62-02,1,0.4,1.72,1.73,
62-02,1,0.4,1.76,1.87,
62-02,1,0.4,1.97,1.76,
62-02,1,0.4,1.62,1.67,
62-03,1,0.4,2.02,1.90,
62-03,1,0.4,1.70,1.73,
62-03,1,0.4,1.61,1.74,
62-03,1,0.4,1.47,1.73,
62-04,1,0.4,1.80,1.95,
62-04,1,0.4,2.24,2.06,
62-04,1,0.4,1.97,2.31,
62-04,1,0.4,1.71,1.71,
78-01,1,0.4,2.16,2.23,
78-01,1,0.4,2.50,2.36,
78-01,1,0.4,2.42,2.48,
78-01,1,0.4,2.12,2.07,
78-02,1,0.4,2.34,1.61,
78-02,1,0.4,2.10,2.44,
78-02,1,0.4,2.13,2.05,
78-02,1,0.4,1.37,1.40,
78-05,1,0.4,1.95,2.28,
78-05,1,0.4,2.27,2.34,
78-05,1,0.4,1.97,2.36,
78-05,1,0.4,1.75,1.68,
S-01,1,0.4,1.20,1.38,
S-01,1,0.4,1.49,1.53,
S-01,1,0.4,1.36,1.59,
S-01,1,0.4,1.40,1.23,
S-01,1,0.4,,,
H-01,1,0.4,2.08,2.01,
H-01,1,0.4,2.04,2.26,
H-01,1,0.4,2.10,2.09,
H-01,1,0.4,1.71,1.44,
H-03,1,0.4,2.00,1.69,
H-03,1,0.4,1.99,1.78,
H-03,1,0.4,1.93,1.67,
H-03,1,0.4,1.57,1.47,
H-04,1,0.4,0.92,0.73,
H-04,1,0.4,1.10,0.96,
H-04,1,0.4,0.88,1.13,
H-04,1,0.4,0.15,0.15,
I-20,1,0.4,1.46,1.67,
I-20,1,0.4,0.97,1.18,
I-20,1,0.4,0.78,0.79,
I-20,1,0.4,0.95,0.72,
419,1,0.4,1.49,1.18,
419,1,0.4,1.24,1.80,
419,1,0.4,1.89,1.11,
419,1,0.4,1.61,1.10,
413,1,0.4,1.93,1.65,
413,1,0.4,2.11,1.96,
413,1,0.4,1.96,2.01,
413,1,0.4,1.40,1.54,
W212,1,0.4,1.86,1.92,
W212,1,0.4,1.83,1.88,
W212,1,0.4,1.58,1.96,
W212,1,0.4,1.82,1.43,
318,1,0.4,1.73,1.64,
318,1,0.4,1.35,1.47,
318,1,0.4,1.53,1.18,
318,1,0.4,1.36,1.06,
1025,1,0.4,1.06,1.22,
1025,1,0.4,1.39,1.44,
1025,1,0.4,1.40,1.34,
1025,1,0.4,1.61,1.55,
1026,1,0.4,1.61,1.93,
1026,1,0.4,1.79,1.82,
1026,1,0.4,1.62,1.78,
1026,1,0.4,1.56,1.66,
1027,1,0.4,1.94,1.72,
1027,1,0.4,1.84,2.00,
1027,1,0.4,1.84,1.74,
1027,1,0.4,1.73,1.57,
1029,1,0.4,2.14,2.08,
1029,1,0.4,1.96,1.83,
1029,1,0.4,1.82,1.80,
1029,1,0.4,1.64,1.58,
1032,1,0.4,1.81,1.39,
1032,1,0.4,1.77,1.82,
1032,1,0.4,1.69,1.59,
1032,1,0.4,1.27,1.62,
1033,1,0.4,1.61,1.78,
1033,1,0.4,1.77,2.20,
1033,1,0.4,1.91,2.01,
1033,1,0.4,1.65,1.82,
1,1,0.8,1.78,1.56,
1,1,0.8,1.37,1.56,
1,1,0.8,1.72,1.89,
1,1,0.8,1.94,1.71,
8,1,0.8,1.12,1.07,
8,1,0.8,1.67,1.47,
8,1,0.8,1.20,1.20,
8,1,0.8,1.36,1.24,
12B,1,0.8,1.54,1.62,
12B,1,0.8,1.97,2.02,
12B,1,0.8,1.85,1.45,
12B,1,0.8,1.75,1.95,
20,1,0.8,1.59,1.55,
20,1,0.8,1.75,2.20,
20,1,0.8,1.73,1.97,
20,1,0.8,1.86,1.84,
21,1,0.8,2.12,2.19,
21,1,0.8,1.55,1.87,
21,1,0.8,1.90,2.22,
21,1,0.8,1.90,1.80,
74SS1,1,0.8,1.61,1.37,
74SS1,1,0.8,1.69,1.91,
74SS1,1,0.8,1.55,1.47,
74SS1,1,0.8,1.65,1.21,
87,1,0.8,1.57,1.43,
87,1,0.8,1.84,1.46,
87,1,0.8,1.68,1.55,
87,1,0.8,1.55,1.40,
118,1,0.8,1.63,1.33,
118,1,0.8,1.54,1.74,
118,1,0.8,1.38,1.47,
118,1,0.8,1.26,1.28,
123,1,0.8,1.48,1.33,
123,1,0.8,2.31,1.89,
123,1,0.8,1.64,1.79,
123,1,0.8,1.49,1.20,
129,1,0.8,1.76,1.80,
129,1,0.8,1.53,1.60,
129,1,0.8,1.55,1.58,
129,1,0.8,1.79,1.74,
449,1,0.8,2.33,2.21,
449,1,0.8,2.36,2.25,
449,1,0.8,2.23,2.22,
449,1,0.8,2.33,2.48,
461,1,0.8,1.63,1.21,
461,1,0.8,1.57,1.52,
461,1,0.8,1.59,1.43,
461,1,0.8,1.52,1.32,
467,1,0.8,1.48,1.16,
467,1,0.8,1.33,1.20,
467,1,0.8,1.47,1.13,
467,1,0.8,1.33,1.79,
475,1,0.8,1.46,1.56,
475,1,0.8,1.72,1.61,
475,1,0.8,1.65,1.57,
475,1,0.8,1.59,1.80,
558,1,0.8,1.60,1.41,
558,1,0.8,1.86,2.00,
558,1,0.8,1.81,1.95,
558,1,0.8,1.69,1.96,
564,1,0.8,1.71,1.40,
564,1,0.8,2.04,2.11,
564,1,0.8,1.54,1.63,
564,1,0.8,1.47,1.49,
568,1,0.8,1.61,1.36,
568,1,0.8,1.82,1.94,
568,1,0.8,1.77,1.63,
568,1,0.8,1.57,1.70,
581,1,0.8,1.91,1.86,
581,1,0.8,1.72,2.26,
581,1,0.8,2.31,2.14,
581,1,0.8,1.90,2.35,
645,1,0.8,1.48,1.60,
645,1,0.8,1.71,1.83,
645,1,0.8,1.52,1.44,
645,1,0.8,1.46,1.71,
667,1,0.8,2.16,2.00,
667,1,0.8,2.28,2.26,
667,1,0.8,1.93,2.02,
667,1,0.8,1.93,2.08,
800,1,0.8,1.23,1.33,
800,1,0.8,1.32,1.63,
800,1,0.8,1.36,1.60,
800,1,0.8,1.37,1.71,
62-02,1,0.8,1.68,1.62,
62-02,1,0.8,1.74,1.70,
62-02,1,0.8,1.75,1.70,
62-02,1,0.8,1.75,1.75,
62-03,1,0.8,1.51,1.60,
62-03,1,0.8,1.94,1.43,
62-03,1,0.8,1.53,1.51,
62-03,1,0.8,1.49,1.68,
62-04,1,0.8,1.86,1.72,
62-04,1,0.8,1.86,1.71,
62-04,1,0.8,2.18,1.99,
62-04,1,0.8,1.78,1.93,
78-01,1,0.8,1.93,1.88,
78-01,1,0.8,1.98,2.14,
78-01,1,0.8,1.93,2.03,
78-01,1,0.8,1.93,1.80,
78-02,1,0.8,1.80,2.02,
78-02,1,0.8,1.50,1.78,
78-02,1,0.8,1.95,1.59,
78-02,1,0.8,2.07,1.81,
78-05,1,0.8,1.53,1.92,
78-05,1,0.8,2.08,2.01,
78-05,1,0.8,1.39,1.81,
78-05,1,0.8,1.52,2.13,
S-01,1,0.8,1.27,1.30,
S-01,1,0.8,1.48,1.49,
S-01,1,0.8,1.34,1.48,
S-01,1,0.8,1.44,1.39,
H-01,1,0.8,1.97,1.97,
H-01,1,0.8,1.83,2.00,
H-01,1,0.8,2.05,2.34,
H-01,1,0.8,1.98,1.63,
H-03,1,0.8,1.51,1.81,
H-03,1,0.8,1.66,1.72,
H-03,1,0.8,1.91,1.66,
H-03,1,0.8,1.54,1.47,
H-04,1,0.8,0.79,0.68,
H-04,1,0.8,0.82,0.76,
H-04,1,0.8,0.57,0.90,
H-04,1,0.8,0.97,0.77,
I-20,1,0.8,0.35,0.35,
I-20,1,0.8,0.40,0.40,
I-20,1,0.8,0.30,0.30,
I-20,1,0.8,0.45,0.45,
419,1,0.8,1.21,1.37,
419,1,0.8,1.62,1.45,
419,1,0.8,1.26,1.21,
419,1,0.8,1.42,1.21,
413,1,0.8,2.11,1.59,
413,1,0.8,1.74,1.95,
413,1,0.8,1.46,1.82,
413,1,0.8,1.54,1.52,
W212,1,0.8,1.97,1.74,
W212,1,0.8,2.15,1.87,
W212,1,0.8,2.39,1.92,
W212,1,0.8,2.11,2.14,
318,1,0.8,1.25,1.32,
318,1,0.8,1.01,0.94,
318,1,0.8,1.16,1.16,
318,1,0.8,0.89,1.06,
1025,1,0.8,1.61,1.70,
1025,1,0.8,1.04,1.15,
1025,1,0.8,1.02,1.31,
1025,1,0.8,1.64,1.46,
1026,1,0.8,1.52,1.30,
1026,1,0.8,1.73,2.07,
1026,1,0.8,1.47,1.34,
1026,1,0.8,1.65,1.35,
1027,1,0.8,1.71,1.77,
1027,1,0.8,1.70,1.78,
1027,1,0.8,1.75,1.98,
1027,1,0.8,1.72,1.69,
1029,1,0.8,1.38,1.10,
1029,1,0.8,1.54,1.83,
1029,1,0.8,1.56,1.72,
1029,1,0.8,1.61,1.59,
1032,1,0.8,1.45,1.47,
1032,1,0.8,1.43,1.48,
1032,1,0.8,1.59,1.51,
1032,1,0.8,1.67,1.64,
1033,1,0.8,2.02,1.86,
1033,1,0.8,2.03,2.11,
1033,1,0.8,1.93,2.04,
1033,1,0.8,2.04,2.05,
1,2,0,6.32,6.40,
1,2,0,7.93,7.91,
1,2,0,6.18,6.21,
1,2,0,7.72,7.75,
8,2,0,5.78,5.68,
8,2,0,7.23,7.43,
8,2,0,5.29,5.40,
8,2,0,7.18,7.03,
12B,2,0,5.85,5.92,
12B,2,0,7.44,7.52,
12B,2,0,6.00,5.65,
12B,2,0,7.12,7.60,
20,2,0,5.98,5.88,
20,2,0,7.88,7.70,
20,2,0,5.65,5.68,
20,2,0,7.40,7.48,
21,2,0,5.83,5.80,
21,2,0,7.48,7.50,
21,2,0,5.80,5.77,
21,2,0,7.94,7.55,
74SS1,2,0,5.74,5.80,
74SS1,2,0,7.71,7.31,
74SS1,2,0,5.32,5.57,
74SS1,2,0,7.95,7.83,
87,2,0,5.37,5.37,
87,2,0,7.04,7.28,
87,2,0,5.33,5.41,
87,2,0,7.52,7.06,
118,2,0,5.82,5.86,
118,2,0,7.43,7.80,
118,2,0,5.40,5.57,
118,2,0,7.76,8.02,
123,2,0,6.09,6.25,
123,2,0,6.81,7.01,
123,2,0,6.11,5.81,
123,2,0,7.63,7.52,
129,2,0,6.40,6.44,
129,2,0,7.77,7.89,
129,2,0,6.05,6.20,
129,2,0,7.98,7.90,
449,2,0,6.34,6.10,
449,2,0,6.49,7.33,
449,2,0,5.30,5.46,
449,2,0,7.60,7.67,
461,2,0,5.67,5.74,
461,2,0,5.81,5.86,
461,2,0,4.56,4.57,
461,2,0,6.05,5.98,
467,2,0,5.74,6.70,
467,2,0,7.80,7.65,
467,2,0,5.77,5.80,
467,2,0,8.06,7.75,
475,2,0,6.61,6.83,
475,2,0,7.09,7.01,
475,2,0,5.77,5.98,
475,2,0,7.87,7.73,
558,2,0,6.12,6.11,
558,2,0,7.18,7.40,
558,2,0,5.21,4.94,
558,2,0,7.20,7.27,
564,2,0,4.62,4.82,
564,2,0,5.90,5.76,
564,2,0,5.47,5.23,
564,2,0,6.98,6.87,
568,2,0,6.40,6.42,
568,2,0,8.02,7.89,
568,2,0,5.77,6.02,
568,2,0,8.06,8.00,
581,2,0,6.28,6.16,
581,2,0,7.77,7.70,
581,2,0,5.99,6.22,
581,2,0,8.08,8.11,
645,2,0,5.93,6.28,
645,2,0,7.18,7.33,
645,2,0,5.53,5.69,
645,2,0,7.84,7.58,
667,2,0,5.98,6.02,
667,2,0,7.18,7.21,
667,2,0,5.07,4.90,
667,2,0,7.60,7.31,
800,2,0,,,
800,2,0,,,
800,2,0,,,
800,2,0,,,
62-02,2,0,6.31,6.59,
62-02,2,0,7.46,7.86,
62-02,2,0,5.20,5.27,
62-02,2,0,7.17,7.52,
62-03,2,0,6.18,6.22,
62-03,2,0,7.25,7.08,
62-03,2,0,5.26,5.19,
62-03,2,0,7.60,7.75,
62-04,2,0,5.99,6.30,
62-04,2,0,7.66,7.65,
62-04,2,0,5.30,5.25,
62-04,2,0,7.76,7.61,
78-01,2,0,6.60,6.59,
78-01,2,0,6.92,7.37,
78-01,2,0,5.61,5.57,
78-01,2,0,7.47,7.92,
78-02,2,0,6.39,6.45,
78-02,2,0,8.07,7.98,
78-02,2,0,5.92,5.95,
78-02,2,0,8.15,8.01,
78-05,2,0,6.11,6.13,
78-05,2,0,7.52,7.26,
78-05,2,0,5.86,5.84,
78-05,2,0,7.67,7.82,
S-01,2,0,6.08,5.99,
S-01,2,0,7.57,7.70,
S-01,2,0,4.93,4.97,
S-01,2,0,7.06,7.46,
S-01,2,0,,,
H-01,2,0,6.32,6.34,
H-01,2,0,8.05,7.94,
H-01,2,0,5.59,5.51,
H-01,2,0,7.80,8.02,
H-03,2,0,3.41,3.46,
H-03,2,0,5.09,5.23,
H-03,2,0,,,
H-03,2,0,7.77,7.03,
H-04,2,0,6.14,5.95,
H-04,2,0,7.82,7.52,
H-04,2,0,5.69,5.62,
H-04,2,0,6.55,6.98,
I-20,2,0,6.48,6.37,
I-20,2,0,,,
I-20,2,0,4.11,4.21,
I-20,2,0,7.83,7.74,
419,2,0,6.33,6.29,
419,2,0,7.77,7.81,
419,2,0,5.75,5.75,
419,2,0,7.99,8.04,
413,2,0,6.19,6.43,
413,2,0,7.55,7.62,
413,2,0,5.57,5.46,
413,2,0,7.61,8.01,
W212,2,0,5.79,5.90,
W212,2,0,7.30,7.30,
W212,2,0,5.58,5.44,
W212,2,0,7.16,7.28,
318,2,0,6.63,6.66,
318,2,0,7.74,7.45,
318,2,0,5.76,5.78,
318,2,0,7.64,7.74,
1025,2,0,6.29,6.22,
1025,2,0,7.85,8.03,
1025,2,0,6.02,5.68,
1025,2,0,7.53,7.98,
1026,2,0,6.75,7.01,
1026,2,0,7.53,7.57,
1026,2,0,5.81,5.89,
1026,2,0,8.04,7.94,
1027,2,0,6.41,6.20,
1027,2,0,7.44,7.30,
1027,2,0,5.42,5.59,
1027,2,0,7.97,7.68,
1029,2,0,6.42,6.30,
1029,2,0,7.08,7.39,
1029,2,0,5.80,5.75,
1029,2,0,7.96,7.73,
1032,2,0,5.22,5.19,
1032,2,0,7.18,7.29,
1032,2,0,3.77,3.76,
1032,2,0,2.48,2.49,
1033,2,0,7.54,7.15,
1033,2,0,5.84,5.58,
1033,2,0,5.77,5.72,
1033,2,0,3.29,3.38,
1,2,0.025,5.79,5.52,
1,2,0.025,5.85,5.92,
1,2,0.025,6.00,6.15,
1,2,0.025,5.80,5.66,
8,2,0.025,4.82,4.90,
8,2,0.025,4.89,5.05,
8,2,0.025,4.84,4.93,
8,2,0.025,4.96,4.83,
12B,2,0.025,5.92,5.70,
12B,2,0.025,5.90,5.76,
12B,2,0.025,5.95,5.94,
12B,2,0.025,5.53,5.65,
20,2,0.025,,,
20,2,0.025,5.36,5.09,
20,2,0.025,5.87,5.78,
20,2,0.025,5.41,5.21,
21,2,0.025,5.51,5.62,
21,2,0.025,5.14,5.24,
21,2,0.025,5.22,5.23,
21,2,0.025,5.34,5.27,
74SS1,2,0.025,5.10,4.95,
74SS1,2,0.025,5.35,5.35,
74SS1,2,0.025,4.89,5.07,
74SS1,2,0.025,4.54,4.77,
87,2,0.025,5.10,5.02,
87,2,0.025,5.03,4.94,
87,2,0.025,4.87,4.80,
87,2,0.025,4.45,4.21,
118,2,0.025,5.40,5.26,
118,2,0.025,5.24,5.11,
118,2,0.025,4.94,5.00,
118,2,0.025,5.29,5.22,
123,2,0.025,5.77,5.68,
123,2,0.025,4.85,4.88,
123,2,0.025,5.67,5.83,
123,2,0.025,5.34,5.52,
129,2,0.025,5.94,5.95,
129,2,0.025,6.03,6.24,
129,2,0.025,5.78,5.90,
129,2,0.025,6.08,5.96,
449,2,0.025,5.04,4.96,
449,2,0.025,5.41,5.77,
449,2,0.025,5.31,5.42,
449,2,0.025,5.63,5.30,
461,2,0.025,5.24,5.11,
461,2,0.025,5.18,4.99,
461,2,0.025,4.69,4.76,
461,2,0.025,4.79,4.74,
467,2,0.025,5.80,5.71,
467,2,0.025,6.04,5.75,
467,2,0.025,5.60,5.50,
467,2,0.025,5.32,5.26,
475,2,0.025,5.32,5.41,
475,2,0.025,5.28,5.33,
475,2,0.025,5.78,5.64,
475,2,0.025,5.63,5.73,
558,2,0.025,5.14,5.20,
558,2,0.025,5.08,5.01,
558,2,0.025,4.73,4.96,
558,2,0.025,4.73,4.84,
564,2,0.025,4.29,4.15,
564,2,0.025,5.08,5.01,
564,2,0.025,5.13,5.30,
564,2,0.025,4.56,4.81,
568,2,0.025,5.69,5.80,
568,2,0.025,5.75,5.37,
568,2,0.025,5.91,5.88,
568,2,0.025,5.82,5.75,
581,2,0.025,5.58,5.47,
581,2,0.025,6.25,5.94,
581,2,0.025,5.83,6.06,
581,2,0.025,5.48,5.60,
645,2,0.025,5.78,5.33,
645,2,0.025,5.70,5.38,
645,2,0.025,5.75,5.61,
645,2,0.025,5.21,5.25,
667,2,0.025,4.92,5.13,
667,2,0.025,4.82,4.62,
667,2,0.025,4.96,4.80,
667,2,0.025,4.92,4.98,
800,2,0.025,,,
800,2,0.025,,,
800,2,0.025,,,
800,2,0.025,,,
62-02,2,0.025,5.24,5.10,
62-02,2,0.025,5.45,5.58,
62-02,2,0.025,5.03,5.10,
62-02,2,0.025,5.34,5.28,
62-03,2,0.025,4.82,4.69,
62-03,2,0.025,4.57,4.80,
62-03,2,0.025,4.91,4.50,
62-03,2,0.025,5.46,5.05,
62-04,2,0.025,5.04,5.36,
62-04,2,0.025,5.45,5.28,
62-04,2,0.025,5.27,5.22,
62-04,2,0.025,5.23,5.34,
78-01,2,0.025,5.61,5.36,
78-01,2,0.025,5.56,5.41,
78-01,2,0.025,5.49,5.49,
78-01,2,0.025,5.25,5.49,
78-02,2,0.025,5.73,5.56,
78-02,2,0.025,5.92,5.80,
78-02,2,0.025,5.89,5.89,
78-02,2,0.025,5.84,5.68,
78-05,2,0.025,5.60,5.58,
78-05,2,0.025,5.77,5.58,
78-05,2,0.025,5.46,5.40,
78-05,2,0.025,5.37,5.53,
S-01,2,0.025,5.15,5.06,
S-01,2,0.025,5.02,5.07,
S-01,2,0.025,4.89,4.61,
S-01,2,0.025,4.98,5.29,
H-01,2,0.025,5.61,5.57,
H-01,2,0.025,5.71,5.85,
H-01,2,0.025,5.45,5.34,
H-01,2,0.025,6.16,8.90,
H-03,2,0.025,3.34,3.30,
H-03,2,0.025,3.86,4.02,
H-03,2,0.025,5.69,5.52,
H-03,2,0.025,5.40,5.62,
H-04,2,0.025,5.24,5.41,
H-04,2,0.025,5.23,5.41,
H-04,2,0.025,5.15,5.21,
H-04,2,0.025,5.31,5.33,
I-20,2,0.025,4.40,4.38,
I-20,2,0.025,4.21,4.12,
I-20,2,0.025,4.02,4.06,
I-20,2,0.025,4.13,3.96,
419,2,0.025,5.47,5.50,
419,2,0.025,5.28,5.34,
419,2,0.025,4.99,5.19,
419,2,0.025,5.11,5.39,
413,2,0.025,5.35,5.55,
413,2,0.025,5.76,5.76,
413,2,0.025,5.40,5.46,
413,2,0.025,5.63,5.57,
W212,2,0.025,4.87,4.78,
W212,2,0.025,4.89,5.10,
W212,2,0.025,5.12,5.02,
W212,2,0.025,4.94,5.26,
318,2,0.025,5.48,5.72,
318,2,0.025,5.68,5.70,
318,2,0.025,5.36,5.41,
318,2,0.025,5.33,5.27,
1025,2,0.025,5.51,5.52,
1025,2,0.025,5.75,5.84,
1025,2,0.025,5.63,5.50,
1025,2,0.025,5.11,5.30,
1026,2,0.025,5.59,5.66,
1026,2,0.025,5.88,6.04,
1026,2,0.025,5.78,5.87,
1026,2,0.025,5.71,5.48,
1027,2,0.025,5.51,5.91,
1027,2,0.025,5.64,5.60,
1027,2,0.025,5.33,5.48,
1027,2,0.025,5.39,5.59,
1029,2,0.025,5.61,5.63,
1029,2,0.025,5.63,5.77,
1029,2,0.025,5.79,5.66,
1029,2,0.025,5.48,5.64,
1032,2,0.025,4.38,4.31,
1032,2,0.025,3.76,3.86,
1032,2,0.025,3.58,3.44,
1032,2,0.025,4.05,4.03,
1033,2,0.025,4.79,5.60,
1033,2,0.025,6.11,6.13,
1033,2,0.025,5.84,5.71,
1033,2,0.025,5.52,5.84,
1,2,0.05,4.95,4.80,
1,2,0.05,4.71,4.67,
1,2,0.05,4.90,4.72,
1,2,0.05,5.33,5.26,
8,2,0.05,3.84,3.91,
8,2,0.05,3.38,3.54,
8,2,0.05,4.00,4.09,
8,2,0.05,4.31,4.35,
12B,2,0.05,3.67,4.47,
12B,2,0.05,4.92,4.63,
12B,2,0.05,4.17,4.81,
12B,2,0.05,4.68,4.87,
20,2,0.05,,,
20,2,0.05,4.29,4.21,
20,2,0.05,4.42,4.18,
20,2,0.05,4.61,4.82,
21,2,0.05,4.27,4.53,
21,2,0.05,3.97,4.03,
21,2,0.05,4.33,4.13,
21,2,0.05,4.61,4.63,
74SS1,2,0.05,4.10,3.84,
74SS1,2,0.05,4.05,3.74,
74SS1,2,0.05,3.66,3.93,
74SS1,2,0.05,4.39,4.15,
87,2,0.05,3.18,3.21,
87,2,0.05,3.03,3.06,
87,2,0.05,3.56,3.77,
87,2,0.05,3.67,3.67,
118,2,0.05,4.06,3.91,
118,2,0.05,3.97,4.11,
118,2,0.05,3.59,3.64,
118,2,0.05,4.39,4.23,
123,2,0.05,4.44,4.28,
123,2,0.05,3.47,3.71,
123,2,0.05,4.51,4.44,
123,2,0.05,4.72,4.84,
129,2,0.05,4.80,4.86,
129,2,0.05,4.90,4.95,
129,2,0.05,4.74,4.71,
129,2,0.05,5.10,4.87,
449,2,0.05,4.29,4.27,
449,2,0.05,3.99,4.02,
449,2,0.05,4.20,4.03,
449,2,0.05,4.37,4.43,
461,2,0.05,4.19,3.95,
461,2,0.05,4.12,3.93,
461,2,0.05,3.75,3.84,
461,2,0.05,4.22,4.13,
467,2,0.05,4.76,4.66,
467,2,0.05,4.72,4.66,
467,2,0.05,4.43,4.32,
467,2,0.05,4.77,4.86,
475,2,0.05,4.63,4.68,
475,2,0.05,4.80,4.70,
475,2,0.05,4.84,4.62,
475,2,0.05,5.12,5.12,
558,2,0.05,3.91,3.87,
558,2,0.05,3.88,3.92,
558,2,0.05,3.97,4.05,
558,2,0.05,4.22,4.10,
564,2,0.05,4.08,4.26,
564,2,0.05,3.93,3.87,
564,2,0.05,4.12,3.87,
564,2,0.05,4.19,4.57,
568,2,0.05,4.60,4.50,
568,2,0.05,4.70,4.55,
568,2,0.05,4.28,4.27,
568,2,0.05,4.79,4.91,
581,2,0.05,4.94,4.62,
581,2,0.05,4.54,4.52,
581,2,0.05,4.40,4.44,
581,2,0.05,4.87,4.74,
645,2,0.05,4.72,4.63,
645,2,0.05,4.54,4.52,
645,2,0.05,4.33,4.29,
645,2,0.05,4.96,4.76,
667,2,0.05,3.91,3.61,
667,2,0.05,3.36,3.59,
667,2,0.05,3.78,3.84,
667,2,0.05,4.13,4.05,
800,2,0.05,,,
800,2,0.05,,,
800,2,0.05,,,
800,2,0.05,,,
62-02,2,0.05,4.37,4.61,
62-02,2,0.05,4.41,4.52,
62-02,2,0.05,4.02,4.24,
62-02,2,0.05,4.46,4.42,
62-03,2,0.05,3.66,3.60,
62-03,2,0.05,3.91,4.16,
62-03,2,0.05,4.05,4.17,
62-03,2,0.05,4.18,4.30,
62-04,2,0.05,4.58,4.63,
62-04,2,0.05,4.37,4.26,
62-04,2,0.05,4.13,4.09,
62-04,2,0.05,4.54,4.49,
78-01,2,0.05,4.53,4.47,
78-01,2,0.05,4.11,4.27,
78-01,2,0.05,3.85,3.69,
78-01,2,0.05,4.43,4.71,
78-02,2,0.05,4.71,4.74,
78-02,2,0.05,4.56,4.62,
78-02,2,0.05,4.34,4.52,
78-02,2,0.05,4.94,4.90,
78-05,2,0.05,4.54,4.43,
78-05,2,0.05,4.49,4.39,
78-05,2,0.05,4.30,4.40,
78-05,2,0.05,4.85,4.89,
S-01,2,0.05,4.34,4.41,
S-01,2,0.05,3.72,3.80,
S-01,2,0.05,3.81,3.69,
S-01,2,0.05,4.38,4.40,
H-01,2,0.05,4.79,4.76,
H-01,2,0.05,4.73,4.53,
H-01,2,0.05,4.37,4.46,
H-01,2,0.05,4.78,4.55,
H-03,2,0.05,3.31,3.28,
H-03,2,0.05,3.26,3.03,
H-03,2,0.05,4.49,4.52,
H-03,2,0.05,4.84,4.78,
H-04,2,0.05,4.39,4.47,
H-04,2,0.05,3.99,3.71,
H-04,2,0.05,3.68,3.85,
H-04,2,0.05,4.52,4.29,
I-20,2,0.05,3.31,3.16,
I-20,2,0.05,,,
I-20,2,0.05,3.07,3.05,
I-20,2,0.05,3.38,3.42,
419,2,0.05,4.30,4.38,
419,2,0.05,4.37,4.50,
419,2,0.05,4.19,4.33,
419,2,0.05,4.60,4.49,
413,2,0.05,4.44,4.30,
413,2,0.05,4.67,4.26,
413,2,0.05,4.44,4.34,
413,2,0.05,4.74,4.83,
W212,2,0.05,,,
W212,2,0.05,3.91,3.85,
W212,2,0.05,3.91,4.01,
W212,2,0.05,4.50,4.56,
318,2,0.05,4.63,4.75,
318,2,0.05,4.45,4.53,
318,2,0.05,4.64,4.54,
318,2,0.05,5.08,5.08,
1025,2,0.05,4.51,4.85,
1025,2,0.05,4.46,4.60,
1025,2,0.05,4.67,4.45,
1025,2,0.05,4.88,4.86,
1026,2,0.05,4.91,4.77,
1026,2,0.05,4.56,4.71,
1026,2,0.05,4.64,4.86,
1026,2,0.05,4.82,4.69,
1027,2,0.05,3.99,4.83,
1027,2,0.05,4.73,4.60,
1027,2,0.05,4.44,4.64,
1027,2,0.05,4.82,5.02,
1029,2,0.05,4.64,4.67,
1029,2,0.05,4.56,4.52,
1029,2,0.05,4.77,4.65,
1029,2,0.05,4.78,4.84,
1032,2,0.05,3.10,3.02,
1032,2,0.05,2.82,2.64,
1032,2,0.05,2.85,2.77,
1032,2,0.05,3.26,3.37,
1033,2,0.05,4.77,4.78,
1033,2,0.05,4.63,4.68,
1033,2,0.05,4.81,4.88,
1033,2,0.05,4.79,4.83,
1,2,0.1,3.88,3.76,
1,2,0.1,4.03,4.17,
1,2,0.1,3.84,3.78,
1,2,0.1,3.91,3.96,
8,2,0.1,,,
8,2,0.1,3.19,3.04,
8,2,0.1,3.01,2.77,
8,2,0.1,2.86,2.95,
12B,2,0.1,3.75,3.68,
12B,2,0.1,3.77,4.08,
12B,2,0.1,3.77,3.55,
12B,2,0.1,3.70,3.75,
20,2,0.1,3.40,3.58,
20,2,0.1,3.92,3.64,
20,2,0.1,3.40,3.25,
20,2,0.1,3.57,3.74,
21,2,0.1,2.95,3.07,
21,2,0.1,3.15,3.19,
21,2,0.1,3.39,3.39,
21,2,0.1,3.29,3.26,
74SS1,2,0.1,2.47,2.84,
74SS1,2,0.1,3.08,3.17,
74SS1,2,0.1,2.97,2.84,
74SS1,2,0.1,2.89,2.79,
87,2,0.1,2.21,2.03,
87,2,0.1,2.63,2.82,
87,2,0.1,2.84,2.86,
87,2,0.1,3.09,2.94,
118,2,0.1,3.08,3.09,
118,2,0.1,3.23,3.24,
118,2,0.1,2.92,3.10,
118,2,0.1,2.98,2.86,
123,2,0.1,3.80,3.57,
123,2,0.1,3.15,3.37,
123,2,0.1,4.02,3.66,
123,2,0.1,3.81,3.49,
129,2,0.1,4.01,4.00,
129,2,0.1,4.25,4.31,
129,2,0.1,3.86,3.82,
129,2,0.1,3.85,3.93,
449,2,0.1,3.63,3.55,
449,2,0.1,3.62,3.59,
449,2,0.1,3.47,3.37,
449,2,0.1,3.61,3.44,
461,2,0.1,3.31,3.23,
461,2,0.1,3.80,3.49,
461,2,0.1,3.25,3.39,
461,2,0.1,3.23,3.35,
467,2,0.1,3.92,3.77,
467,2,0.1,4.08,4.19,
467,2,0.1,3.73,3.70,
467,2,0.1,3.82,3.80,
475,2,0.1,4.05,3.85,
475,2,0.1,4.17,4.11,
475,2,0.1,4.09,4.12,
475,2,0.1,4.20,4.15,
558,2,0.1,2.95,2.88,
558,2,0.1,3.41,3.48,
558,2,0.1,3.22,3.28,
558,2,0.1,3.25,3.23,
564,2,0.1,3.62,3.77,
564,2,0.1,3.65,3.65,
564,2,0.1,3.52,3.70,
564,2,0.1,3.62,3.41,
568,2,0.1,3.63,3.45,
568,2,0.1,3.74,3.79,
568,2,0.1,3.53,3.35,
568,2,0.1,3.71,3.66,
581,2,0.1,3.60,3.65,
581,2,0.1,4.15,3.96,
581,2,0.1,3.93,3.87,
581,2,0.1,3.90,4.07,
645,2,0.1,3.46,3.59,
645,2,0.1,3.58,3.55,
645,2,0.1,3.65,3.26,
645,2,0.1,3.31,3.46,
667,2,0.1,2.95,2.62,
667,2,0.1,2.92,3.17,
667,2,0.1,3.10,3.12,
667,2,0.1,3.05,3.01,
800,2,0.1,,,
800,2,0.1,,,
800,2,0.1,,,
800,2,0.1,,,
62-02,2,0.1,3.77,3.60,
62-02,2,0.1,3.96,3.96,
62-02,2,0.1,3.44,3.44,
62-02,2,0.1,3.23,3.36,
62-03,2,0.1,3.21,3.17,
62-03,2,0.1,3.42,3.41,
62-03,2,0.1,3.09,3.03,
62-03,2,0.1,3.17,3.31,
62-04,2,0.1,3.47,3.33,
62-04,2,0.1,3.71,3.78,
62-04,2,0.1,3.18,3.10,
62-04,2,0.1,3.67,3.53,
78-01,2,0.1,3.51,3.77,
78-01,2,0.1,3.72,3.54,
78-01,2,0.1,3.32,3.32,
78-01,2,0.1,3.03,3.35,
78-02,2,0.1,3.97,3.93,
78-02,2,0.1,3.96,4.03,
78-02,2,0.1,3.85,3.92,
78-02,2,0.1,3.82,3.94,
78-05,2,0.1,3.79,3.76,
78-05,2,0.1,3.91,3.81,
78-05,2,0.1,3.71,3.70,
78-05,2,0.1,3.93,3.94,
S-01,2,0.1,3.48,3.42,
S-01,2,0.1,2.89,2.86,
S-01,2,0.1,3.04,3.00,
S-01,2,0.1,3.33,3.35,
H-01,2,0.1,,,
H-01,2,0.1,3.41,3.42,
H-01,2,0.1,3.75,3.80,
H-01,2,0.1,2.15,2.19,
H-03,2,0.1,2.15,2.19,
H-03,2,0.1,2.60,2.54,
H-03,2,0.1,3.63,3.74,
H-03,2,0.1,3.57,3.63,
H-04,2,0.1,3.56,3.56,
H-04,2,0.1,3.50,3.34,
H-04,2,0.1,3.51,3.53,
H-04,2,0.1,2.95,2.96,
I-20,2,0.1,2.44,2.33,
I-20,2,0.1,2.64,2.67,
I-20,2,0.1,,,
I-20,2,0.1,2.72,2.65,
419,2,0.1,3.52,3.43,
419,2,0.1,3.83,3.82,
419,2,0.1,3.59,3.65,
419,2,0.1,3.47,3.40,
413,2,0.1,3.65,3.79,
413,2,0.1,3.81,3.78,
413,2,0.1,3.69,3.48,
413,2,0.1,3.74,3.36,
W212,2,0.1,3.07,3.23,
W212,2,0.1,3.41,3.56,
W212,2,0.1,3.21,3.00,
W212,2,0.1,3.28,3.25,
318,2,0.1,3.68,3.92,
318,2,0.1,4.26,4.18,
318,2,0.1,3.69,3.61,
318,2,0.1,3.93,3.76,
1025,2,0.1,3.96,3.78,
1025,2,0.1,4.05,4.14,
1025,2,0.1,3.93,4.22,
1025,2,0.1,4.12,4.10,
1026,2,0.1,3.69,3.91,
1026,2,0.1,4.06,4.10,
1026,2,0.1,3.70,3.66,
1026,2,0.1,3.77,3.78,
1027,2,0.1,3.72,3.82,
1027,2,0.1,4.04,3.99,
1027,2,0.1,3.63,3.73,
1027,2,0.1,3.81,3.90,
1029,2,0.1,3.97,4.14,
1029,2,0.1,4.29,4.16,
1029,2,0.1,3.91,3.90,
1029,2,0.1,3.95,4.02,
1032,2,0.1,1.80,1.99,
1032,2,0.1,2.77,2.37,
1032,2,0.1,2.28,2.14,
1032,2,0.1,2.17,2.30,
1033,2,0.1,3.98,4.08,
1033,2,0.1,4.19,4.09,
1033,2,0.1,4.18,4.07,
1033,2,0.1,4.15,4.03,
1,2,0.2,3.01,2.84,
1,2,0.2,2.94,3.00,
1,2,0.2,2.84,2.97,
1,2,0.2,3.13,3.22,
8,2,0.2,2.36,2.55,
8,2,0.2,2.16,2.17,
8,2,0.2,2.09,1.93,
8,2,0.2,2.07,2.27,
12B,2,0.2,2.83,2.78,
12B,2,0.2,2.82,2.73,
12B,2,0.2,2.96,2.73,
12B,2,0.2,2.89,2.83,
20,2,0.2,2.64,2.87,
20,2,0.2,2.86,2.75,
20,2,0.2,2.76,2.63,
20,2,0.2,2.74,2.75,
21,2,0.2,2.19,2.33,
21,2,0.2,2.08,2.04,
21,2,0.2,2.28,2.38,
21,2,0.2,2.39,2.09,
74SS1,2,0.2,2.09,2.21,
74SS1,2,0.2,2.11,2.17,
74SS1,2,0.2,2.08,2.18,
74SS1,2,0.2,2.09,2.27,
87,2,0.2,1.90,1.77,
87,2,0.2,1.54,1.67,
87,2,0.2,1.50,1.62,
87,2,0.2,1.85,1.83,
118,2,0.2,2.55,2.53,
118,2,0.2,2.35,2.33,
118,2,0.2,1.60,1.62,
118,2,0.2,1.93,1.92,
123,2,0.2,2.90,2.90,
123,2,0.2,2.39,2.56,
123,2,0.2,2.77,2.87,
123,2,0.2,2.91,3.05,
129,2,0.2,3.14,3.15,
129,2,0.2,2.95,3.01,
129,2,0.2,2.93,2.85,
129,2,0.2,3.15,3.05,
449,2,0.2,2.91,2.87,
449,2,0.2,2.73,2.94,
449,2,0.2,2.88,3.13,
449,2,0.2,3.01,3.15,
461,2,0.2,2.35,2.57,
461,2,0.2,2.63,2.62,
461,2,0.2,2.73,2.81,
461,2,0.2,2.71,2.87,
467,2,0.2,3.29,3.08,
467,2,0.2,2.99,3.02,
467,2,0.2,3.08,2.85,
467,2,0.2,3.15,3.04,
475,2,0.2,3.13,3.10,
475,2,0.2,3.09,3.28,
475,2,0.2,3.12,3.30,
475,2,0.2,3.48,3.63,
558,2,0.2,2.50,2.28,
558,2,0.2,2.62,2.80,
558,2,0.2,2.79,2.64,
558,2,0.2,2.84,2.79,
564,2,0.2,3.46,3.04,
564,2,0.2,2.95,3.39,
564,2,0.2,3.14,3.15,
564,2,0.2,3.06,2.88,
568,2,0.2,2.77,2.93,
568,2,0.2,2.84,2.90,
568,2,0.2,2.72,2.68,
568,2,0.2,2.87,2.69,
581,2,0.2,3.03,3.21,
581,2,0.2,3.14,3.19,
581,2,0.2,3.38,3.38,
581,2,0.2,3.50,3.59,
645,2,0.2,2.92,2.75,
645,2,0.2,2.60,2.67,
645,2,0.2,2.65,2.41,
645,2,0.2,2.51,2.85,
667,2,0.2,2.32,2.42,
667,2,0.2,2.45,2.56,
667,2,0.2,2.84,2.63,
667,2,0.2,2.86,2.38,
800,2,0.2,,,
800,2,0.2,,,
800,2,0.2,,,
800,2,0.2,,,
62-02,2,0.2,2.99,2.85,
62-02,2,0.2,2.71,2.62,
62-02,2,0.2,2.48,2.50,
62-02,2,0.2,2.72,2.65,
62-03,2,0.2,2.78,2.53,
62-03,2,0.2,2.33,2.54,
62-03,2,0.2,2.30,2.46,
62-03,2,0.2,2.37,2.41,
62-04,2,0.2,2.97,2.60,
62-04,2,0.2,2.73,2.64,
62-04,2,0.2,2.53,2.54,
62-04,2,0.2,2.77,2.74,
78-01,2,0.2,3.01,3.02,
78-01,2,0.2,2.36,2.47,
78-01,2,0.2,2.44,2.45,
78-01,2,0.2,2.20,2.22,
78-02,2,0.2,3.24,3.42,
78-02,2,0.2,3.00,2.94,
78-02,2,0.2,2.69,2.90,
78-02,2,0.2,3.09,3.06,
78-05,2,0.2,3.28,3.15,
78-05,2,0.2,3.09,3.03,
78-05,2,0.2,3.29,3.35,
78-05,2,0.2,3.14,3.18,
S-01,2,0.2,2.30,2.33,
S-01,2,0.2,1.97,1.91,
S-01,2,0.2,2.37,2.43,
S-01,2,0.2,2.20,2.32,
H-01,2,0.2,3.48,3.39,
H-01,2,0.2,3.36,3.38,
H-01,2,0.2,2.80,2.73,
H-01,2,0.2,3.15,3.16,
H-03,2,0.2,1.90,1.69,
H-03,2,0.2,2.68,2.91,
H-03,2,0.2,2.84,2.68,
H-03,2,0.2,2.97,2.88,
H-04,2,0.2,2.74,2.60,
H-04,2,0.2,2.56,2.45,
H-04,2,0.2,1.89,1.98,
H-04,2,0.2,2.21,2.09,
I-20,2,0.2,1.94,1.96,
I-20,2,0.2,1.93,1.86,
I-20,2,0.2,1.96,1.92,
I-20,2,0.2,1.76,1.84,
419,2,0.2,2.77,2.57,
419,2,0.2,2.66,2.62,
419,2,0.2,2.76,2.66,
419,2,0.2,2.92,2.57,
413,2,0.2,2.86,2.78,
413,2,0.2,2.96,2.88,
413,2,0.2,2.82,2.73,
413,2,0.2,3.04,2.98,
W212,2,0.2,2.42,2.53,
W212,2,0.2,2.16,1.98,
W212,2,0.2,2.21,2.21,
W212,2,0.2,2.50,2.62,
318,2,0.2,2.98,3.11,
318,2,0.2,2.84,2.76,
318,2,0.2,3.12,2.92,
318,2,0.2,2.90,2.88,
1025,2,0.2,3.33,3.34,
1025,2,0.2,3.18,3.33,
1025,2,0.2,3.24,3.16,
1025,2,0.2,3.42,3.29,
1026,2,0.2,3.25,3.19,
1026,2,0.2,3.03,3.24,
1026,2,0.2,2.90,2.92,
1026,2,0.2,3.06,3.21,
1027,2,0.2,3.10,3.17,
1027,2,0.2,3.13,2.91,
1027,2,0.2,2.66,2.70,
1027,2,0.2,2.99,3.15,
1029,2,0.2,3.42,3.33,
1029,2,0.2,3.27,3.36,
1029,2,0.2,3.30,3.33,
1029,2,0.2,3.44,3.59,
1032,2,0.2,2.16,2.13,
1032,2,0.2,1.27,1.46,
1032,2,0.2,1.98,1.72,
1032,2,0.2,1.80,1.91,
1033,2,0.2,3.38,3.40,
1033,2,0.2,3.41,3.38,
1033,2,0.2,3.34,3.31,
1033,2,0.2,3.61,3.55,
1,2,0.8,1.99,1.79,
1,2,0.8,1.89,1.96,
1,2,0.8,1.96,1.80,
1,2,0.8,2.16,2.08,
8,2,0.8,1.32,1.23,
8,2,0.8,1.19,1.13,
8,2,0.8,1.24,1.31,
8,2,0.8,1.40,1.30,
12B,2,0.8,1.84,1.80,
12B,2,0.8,1.63,1.54,
12B,2,0.8,1.48,1.38,
12B,2,0.8,1.63,1.58,
20,2,0.8,1.66,1.44,
20,2,0.8,1.59,1.95,
20,2,0.8,1.63,1.47,
20,2,0.8,1.63,1.56,
21,2,0.8,1.55,1.44,
21,2,0.8,1.40,1.19,
21,2,0.8,1.56,1.55,
21,2,0.8,1.32,1.48,
74SS1,2,0.8,1.18,1.26,
74SS1,2,0.8,1.20,1.28,
74SS1,2,0.8,1.53,1.43,
74SS1,2,0.8,1.27,1.42,
87,2,0.8,0.30,0.30,
87,2,0.8,1.01,0.98,
87,2,0.8,0.98,1.05,
87,2,0.8,1.06,0.98,
118,2,0.8,1.12,1.10,
118,2,0.8,1.05,1.11,
118,2,0.8,,,
118,2,0.8,1.12,1.09,
123,2,0.8,1.60,1.70,
123,2,0.8,1.66,1.68,
123,2,0.8,1.63,1.53,
123,2,0.8,1.79,1.65,
129,2,0.8,2.04,2.16,
129,2,0.8,2.08,2.04,
129,2,0.8,1.82,1.74,
129,2,0.8,1.98,1.95,
449,2,0.8,2.12,1.94,
449,2,0.8,1.95,2.18,
449,2,0.8,2.02,2.28,
449,2,0.8,2.22,2.28,
461,2,0.8,2.04,1.87,
461,2,0.8,1.79,1.61,
461,2,0.8,1.90,1.82,
461,2,0.8,1.99,1.89,
467,2,0.8,2.16,2.11,
467,2,0.8,2.00,2.04,
467,2,0.8,2.05,2.14,
467,2,0.8,2.16,2.17,
475,2,0.8,2.05,2.08,
475,2,0.8,2.07,2.04,
475,2,0.8,2.02,2.33,
475,2,0.8,2.45,2.36,
558,2,0.8,1.65,1.74,
558,2,0.8,2.07,1.82,
558,2,0.8,2.07,1.90,
558,2,0.8,2.53,2.54,
564,2,0.8,2.43,2.81,
564,2,0.8,2.49,2.37,
564,2,0.8,2.47,2.35,
564,2,0.8,2.48,2.40,
568,2,0.8,2.00,2.19,
568,2,0.8,2.04,2.13,
568,2,0.8,1.92,1.88,
568,2,0.8,2.09,1.94,
581,2,0.8,2.66,2.40,
581,2,0.8,2.43,2.47,
581,2,0.8,2.48,2.58,
581,2,0.8,2.90,2.80,
645,2,0.8,1.77,1.99,
645,2,0.8,1.91,1.71,
645,2,0.8,1.73,1.60,
645,2,0.8,1.86,1.89,
667,2,0.8,2.17,1.90,
667,2,0.8,1.78,1.73,
667,2,0.8,1.88,1.93,
667,2,0.8,1.98,2.12,
800,2,0.8,,,
800,2,0.8,,,
800,2,0.8,,,
800,2,0.8,,,
62-02,2,0.8,1.61,1.72,
62-02,2,0.8,1.76,1.69,
62-02,2,0.8,1.50,1.62,
62-02,2,0.8,1.73,1.66,
62-03,2,0.8,1.45,1.45,
62-03,2,0.8,1.02,1.22,
62-03,2,0.8,1.12,1.31,
62-03,2,0.8,1.35,1.49,
62-04,2,0.8,1.82,2.01,
62-04,2,0.8,2.04,2.01,
62-04,2,0.8,2.01,2.12,
62-04,2,0.8,2.21,2.03,
78-01,2,0.8,1.67,1.73,
78-01,2,0.8,1.59,1.53,
78-01,2,0.8,1.44,1.38,
78-01,2,0.8,1.52,1.49,
78-02,2,0.8,2.10,2.10,
78-02,2,0.8,2.11,2.11,
78-02,2,0.8,1.93,2.09,
78-02,2,0.8,2.14,2.19,
78-05,2,0.8,2.36,2.23,
78-05,2,0.8,2.22,2.19,
78-05,2,0.8,2.17,2.28,
78-05,2,0.8,2.32,2.30,
S-01,2,0.8,1.52,1.51,
S-01,2,0.8,1.06,1.22,
S-01,2,0.8,1.44,1.52,
S-01,2,0.8,1.81,1.62,
H-01,2,0.8,2.16,2.31,
H-01,2,0.8,2.19,2.26,
H-01,2,0.8,2.00,2.12,
H-01,2,0.8,2.27,2.14,
H-03,2,0.8,1.42,1.45,
H-03,2,0.8,1.68,1.86,
H-03,2,0.8,1.78,1.78,
H-03,2,0.8,1.82,1.77,
H-04,2,0.8,1.76,1.71,
H-04,2,0.8,1.29,1.01,
H-04,2,0.8,1.17,1.35,
H-04,2,0.8,1.40,1.56,
I-20,2,0.8,0.40,0.40,
I-20,2,0.8,0.00,0.00,
I-20,2,0.8,1.28,1.22,
I-20,2,0.8,1.24,1.10,
419,2,0.8,1.92,1.90,
419,2,0.8,1.87,1.96,
419,2,0.8,1.85,1.82,
419,2,0.8,1.88,1.84,
413,2,0.8,2.09,2.20,
413,2,0.8,1.89,2.21,
413,2,0.8,1.96,2.04,
413,2,0.8,2.03,2.23,
W212,2,0.8,1.89,2.06,
W212,2,0.8,0.90,0.64,
W212,2,0.8,1.15,1.16,
W212,2,0.8,1.31,1.14,
318,2,0.8,1.76,1.76,
318,2,0.8,1.63,1.68,
318,2,0.8,1.84,1.85,
318,2,0.8,1.89,1.81,
1025,2,0.8,2.23,2.34,
1025,2,0.8,2.08,2.21,
1025,2,0.8,2.00,2.11,
1025,2,0.8,2.36,2.22,
1026,2,0.8,2.17,1.99,
1026,2,0.8,2.13,2.11,
1026,2,0.8,2.05,2.01,
1026,2,0.8,2.22,2.00,
1027,2,0.8,2.24,2.12,
1027,2,0.8,2.23,2.17,
1027,2,0.8,2.18,2.00,
1027,2,0.8,2.04,2.17,
1029,2,0.8,2.18,2.26,
1029,2,0.8,2.07,2.07,
1029,2,0.8,2.38,2.36,
1029,2,0.8,2.18,2.22,
1032,2,0.8,1.23,1.36,
1032,2,0.8,1.53,1.28,
1032,2,0.8,1.21,1.17,
1032,2,0.8,1.12,1.15,
1033,2,0.8,2.21,2.22,
1033,2,0.8,2.30,2.14,
1033,2,0.8,2.29,2.34,
1033,2,0.8,2.35,2.29,