ID,repeats,experimental_replicate,sham.ecuatorial,sham.polar,picoxystrobin.ecuatorial,picoxystrobin.polar,boscalid.ecuatorial,boscalid.polar,tetraconazole.ecuatorial,tetraconazole.polar,TM.ecuatorial,TM.polar,control.ecuatorial,control.polar
54C,1,1,6.84,6.93,5.03,5.12,2.13,2.21,3.75,3.75,1.56,1.6,6.25,6.3
54C,2,1,6.71,6.66,5.09,4.76,2.42,2.55,3.92,3.92,1.46,1.46,7.98,8.01
54C,3,1,6.97,6.92,5.13,4.95,2.37,2.44,3.93,3.86,1.42,1.58,7.74,7.76
65B,1,1,6.46,6.73,3.99,4.06,2.67,2.76,3.34,3.11,0.91,0.95,6.79,6.45
65B,2,1,7.03,6.94,4.09,4.25,3.18,3.22,3.5,3.5,1.18,1.11,8.03,8.5
65B,3,1,7.04,6.74,3.96,4.06,3.35,3.22,3.26,3.35,1.02,1.09,7.51,7.18
51C,1,1,6.51,6.45,4.31,4.6,2.59,2.63,2,1.96,1.43,1.43,5.58,5.73
51C,2,1,6.7,6.55,4.32,4.26,2.95,2.95,2.21,2.05,1.29,1.29,7.65,7.95
51C,3,1,6.16,6.4,4.26,4.43,2.68,2.74,2.29,2.29,1.43,1.4,6.86,6.87
71B,1,1,6.69,6.76,4.65,4.72,2.03,1.94,3.05,3.08,1.19,1.03,5.65,5.82
71B,2,1,7.06,7.17,4.42,4.48,2.45,2.12,3.14,3.3,1.45,1.35,8.08,7.98
71B,3,1,6.9,6.98,4.5,4.67,2.33,2.45,3.27,3.26,1.21,1.27,7.21,6.97
26,1,1,6.81,6.79,4.43,4.27,2.55,2.61,3.3,3.34,1.12,1.16,5.94,5.91
26,2,1,7.02,7.22,3.76,3.9,2.97,2.95,3.31,3.53,1.1,1.19,7.26,7.28
26,3,1,6.7,6.7,4.01,4.16,3.18,3.2,3.37,3.41,1.23,1.1,7.15,7.41
64D,1,1,6.85,7.07,4.67,4.33,2.23,2.15,0.76,0.95,1.27,1.27,7.22,7.45
64D,2,1,7.26,7.17,4.41,4.41,2.14,2.17,0.92,0.7,1.39,1.25,7.12,7.38
64D,3,1,7.12,7.14,4.47,4.58,2.34,2.3,1.04,0.83,1.42,1.47,6.3,6.47
53B,1,1,6.16,6.11,4.18,4.2,2.22,2.26,1.57,1.72,1.26,1.35,5.13,5.18
53B,2,1,6.41,6.48,4.24,4.06,2.73,2.73,1.82,2.01,1.44,1.35,6.91,7.08
53B,3,1,6.1,6.08,4.16,4.21,2.74,2.49,1.72,1.72,1.36,1.3,6.37,6.66
60A,1,1,6.8,6.34,3.97,4.06,2.66,2.73,3.21,3.09,1.17,1.35,7.91,7.81
60A,2,1,6.72,6.65,4.17,4.1,2.97,2.97,3.26,3.22,1.18,1.29,7.74,7.95
60A,3,1,6.86,7,4.17,4.08,2.71,2.76,3.65,3.72,1.22,1.25,7.36,7.6
274,1,1,6.37,6.11,3.94,4.03,2.29,1.85,1.08,0.97,1.1,0.96,7.18,7.38
274,2,1,6.89,6.74,4.29,4.03,2.33,2.37,0.85,0.73,0.92,0.73,7.03,7.72
274,3,1,6.31,6.31,4.19,4.15,2.62,2.32,0.94,1.08,0.99,1.13,6.55,6.21
307,1,1,5.37,5.83,3.84,3.92,2.29,2.34,3.42,3.35,1.42,1.26,8.2,7.98
307,2,1,7.39,7.36,4,4.23,2.66,2.61,2.88,2.71,1.25,1.27,7.34,7.77
307,3,1,6.58,6.58,3.88,3.84,2.53,2.19,2.59,2.85,1.1,1.26,7.61,7.02
456,1,1,5.26,4.89,3.33,3.49,2.26,2.76,2.56,2.82,0.91,0.78,5.79,5.94
456,2,1,6.06,6.06,3.56,3.79,2.57,3.1,2.27,2.52,1.12,0.97,6.42,6.11
456,3,1,5.91,5.96,3.81,3.67,2.59,3.14,2.34,2.45,1.06,0.79,5.57,6.38
478,1,1,7.1,7.05,4.15,4.46,2.59,2.49,3.4,3.29,1.6,1.55,8.5,8.5
478,2,1,7.16,6.93,4.69,4.55,2.68,2.78,3.21,3.33,1.5,1.62,7.53,7.58
478,3,1,7.4,7.1,4.43,4.62,2.88,2.84,3.69,3.86,1.46,1.38,8.07,7.94
479,1,1,6.86,6.71,3.56,3.71,2.48,2.77,2.75,2.92,1.16,1.23,6.22,6.84
479,2,1,6.48,6.34,3.71,3.88,2.99,3.33,2.77,2.58,1.13,1.3,7.05,7.58
479,3,1,6.65,6.79,3.73,3.94,3.29,3.1,2.69,2.45,0.97,1.04,6.91,7.12
482,1,1,7.37,7.19,4.71,4.54,2.11,1.94,4.27,4.16,1.06,1.02,7.92,7.97
482,2,1,7.56,7.54,4.84,4.78,1.98,2.07,3.76,3.83,1.36,1.31,8.05,7.73
482,3,1,7.31,7.46,4.93,4.97,2.06,2.14,3.95,4.16,1.05,1.08,7.97,8.06
504,1,1,6.43,6.6,3.41,3.3,2.39,2.39,2.48,2.3,0.97,0.97,8.5,8.5
504,2,1,6.49,6.49,3.52,3.83,2.06,2.03,2.26,2.13,0.92,1.02,7.14,6.91
504,3,1,6.54,6.16,3.48,3.69,2.49,2.42,2.49,2.55,1.02,1.02,6.74,6.77
505,1,1,6.65,6.68,4.01,3.83,2.06,2.17,3.86,3.71,1.22,1.28,7.63,7.7
505,2,1,6.32,6.36,4.3,4.1,2.51,2.18,3.3,3.24,1.232,1.33,7.11,7.74
505,3,1,7.04,6.59,4.11,3.86,2.25,1.91,3.28,3.41,1.27,1.45,8.13,7.92
698,1,1,6.27,6.05,3.38,3.12,2.25,2.14,2.88,2.86,1.24,1.32,7.19,7.29
698,2,1,6.16,6.19,4.38,3.69,2.1,2.86,2.94,2.86,1.36,1.52,7.15,7
698,3,1,6.01,6.12,3.98,4.05,2.01,2.52,2.83,2.57,0.98,1.06,7.46,7.6
699,1,1,6.73,6.7,4.2,4.02,2.43,2.29,2.81,3.06,1.26,1.2,7.52,7.43
699,2,1,6.88,7.03,3.74,3.8,2.03,2.17,2.82,2.96,1.34,1.42,7.77,7.54
699,3,1,6.68,6.48,3.95,3.75,1.97,2.14,2.83,2.8,1.21,1.1,7.38,7.53
710,1,1,6.81,6.75,3.99,3.81,2.27,2.24,2.62,2.41,1.12,1.17,6.36,6.66
710,2,1,6.95,7.02,3.91,4,2.31,2.23,2.33,2.17,1.33,1.17,7.4,7.4
710,3,1,6.97,6.69,3.89,3.76,2.38,2.24,2.3,2.06,0.9,1.01,7.33,7.49
711,1,1,7.03,6.67,3.68,3.92,2.22,2.22,1.24,1.18,1.3,1.04,8.12,8.03
711,2,1,6.36,6.28,4.19,4.19,2.65,2.22,1.09,1.09,1.66,1.51,7.35,7.05
711,3,1,5.46,4.72,4.09,4.46,2.23,2.41,1.06,1.24,1.5,1.42,6.41,6.95
724,1,1,6.31,6.4,3.19,3.18,2.2,2.07,1.05,0.96,1.29,1.4,8.08,8.44
724,2,1,7.23,7.3,3.42,3.62,2.7,2.34,1.11,0.93,1.43,1.64,7.4,7.46
724,3,1,6.94,6.89,3.87,3.88,2.1,2.32,0.89,0.74,1.33,1.39,8.29,7.55
725,1,1,7.15,7.39,4.12,4.07,2.52,2.37,1.25,1.36,1.53,1.49,7.34,7.11
725,2,1,7.89,7.82,4.48,4.16,2.76,2.6,1.54,1.4,1.88,1.93,7.93,7.89
725,3,1,7.63,7.59,4.36,4.34,2.8,2.72,1.69,1.58,1.71,1.89,7.46,7.17
731,1,1,7.39,7.45,3.99,4.06,2.33,2.41,2.59,2.52,1.4,1.25,8.21,7.9
731,2,1,6.95,6.86,4.32,4.04,2.21,2.28,1.58,1.72,1.34,1.43,7.75,8.06
731,3,1,6.97,7.07,4.46,4.35,2.28,2.33,1.67,1.72,1.46,1.41,8.03,7.66
732,1,1,6.08,6.33,3.34,3.52,1.8,1.91,3.23,3.27,1.57,1.29,6.61,6.61
732,2,1,6.06,6.51,3.33,3.31,1.93,1.97,2.91,2.86,1.49,1.47,6.93,6.61
732,3,1,6.87,6.84,3.77,3.63,1.85,1.81,2.97,2.83,1.39,1.59,6.6,6.76
738,1,1,7.47,7.51,4.52,4.16,2.39,2.23,2.71,2.32,1.59,1.31,7.69,8.02
738,2,1,7.1,7.05,4.54,4.58,2.29,2.23,2.34,1.81,1.3,1.44,7.85,8.09
738,3,1,7.7,7.87,4.68,4.54,2.11,2.04,2.08,1.75,1.42,1.34,7.84,7.96
739,1,1,6.28,6.49,3.73,3.58,1.62,1.93,2.97,3.2,1.36,1.54,7.1,6.98
739,2,1,6.37,5.67,3.38,3.45,1.86,1.61,2.84,2.73,1.46,1.26,7.24,6.91
739,3,1,6.45,6.53,3.79,3.59,2.2,2.14,2.8,2.54,1.41,1.11,7.69,6.78
746,1,1,6.04,6.04,3.62,2.97,2.41,2.12,1.38,1.18,1.44,1.23,6.96,7.18
746,2,1,7.14,7.18,3.97,4.07,2.59,2.24,1.25,1.02,1.61,1.39,7.25,7.53
746,3,1,6.7,6.58,3.79,3.92,1.9,2.73,1.04,0.99,1.13,1.01,7.38,7.26
751,1,1,6.67,6.51,3.84,3.94,2.27,2.05,1.94,1.93,1.17,1.28,7.59,6.87
751,2,1,6.13,6.41,4.16,4.52,1.94,2.32,1.86,1.83,1.35,1.23,7.13,7.39
751,3,1,6.68,6.53,3.73,3.62,2.1,2.39,1.87,1.74,1.05,1.1,7.17,7.33
752,1,1,7.41,7.24,4.08,3.97,2.1,2.15,2.83,2.59,1.63,1.59,7.59,7.61
752,2,1,6.97,6.73,4.26,4.23,2.28,2.18,2.05,1.64,1.37,1.3,7.63,7.3
752,3,1,7.24,6.96,4.21,4.37,2.14,2.11,2.13,2.05,1.59,1.59,8.22,7.98
753,1,1,6,5.91,3.76,3.61,1.41,1.46,0.83,0.64,0.95,0.89,6.52,6.42
753,2,1,6.48,6.34,3.34,3.1,1.8,1.72,0.68,0.75,1.21,1.14,6.31,6.4
753,3,1,6.42,6.53,3.82,3.75,1.72,1.56,0.69,0.69,1.09,1.03,6.48,6.55
755,1,1,6.92,6.96,3.71,3.55,2.14,2.16,2.05,2.21,1.37,1.23,7.55,7.49
755,2,1,6.78,6.98,4.11,4.11,2.13,2.25,1.76,1.7,1.43,1.36,7.62,7.33
755,3,1,6.76,6.78,4.5,4.29,2.31,2.28,2.39,2.21,1.33,1.26,7.14,7.27
756,1,1,6.87,6.77,4.22,4.38,3.06,3.11,3.53,3.53,1.42,1.43,7.87,7.54
756,2,1,6.79,6.72,4.71,4.36,3.41,3.52,3.38,3.47,1.33,1.37,7.83,7.65
756,3,1,7.11,7.11,4.62,4.64,3,2.97,3.51,3.58,1.22,1.28,8.23,8.5
757,1,1,7.68,7.75,4.62,4.61,2.94,2.24,3.64,3.89,1.12,1.26,8.5,8.5
757,2,1,7.54,7.5,4.91,4.9,2.47,2.54,3.5,3.38,1.19,1.31,8.01,8.27
757,3,1,7.62,7.62,4.96,5.04,2.47,2.62,3.43,3.56,1.19,1.48,8.5,8.5
764,1,1,6.08,6.32,3.62,4.01,2.82,2.87,3.08,2.89,1.39,1.43,7.75,7.73
764,2,1,5.62,5.66,3.39,2.84,2.39,2.66,2.9,2.96,0.9,1.02,6.15,6.37
764,3,1,6.25,6.45,4.27,4.1,2.73,2.37,3.01,2.94,1.06,0.95,7.64,6.65
765,1,1,6.76,6.57,4.34,4.51,2.82,2.86,1.21,1.18,1.6,1.52,7.84,8.08
765,2,1,7.57,7.34,4.48,4.49,2.71,2.6,1.15,1.05,1.34,1.36,8.13,8.21
765,3,1,7.07,7.26,4.36,4.5,2.66,2.95,1.18,1.23,1.4,1.37,7.94,8.36
771,1,1,6.31,6.39,3.44,3.71,2.81,2.3,3.12,3,1.17,1.01,6.79,6.83
771,2,1,5.58,5.85,4.22,4.46,2.68,2.81,2.74,2.74,0.8,0.8,7.52,7.73
771,3,1,6.49,6.54,4.33,4.16,2.35,2.32,2.63,2.61,1.21,0.97,7.01,6.88
772,1,1,7.6,7.57,4.66,4.51,2.69,2.8,3.79,3.74,1.6,1.7,8.06,8.09
772,2,1,7.65,7.65,4.65,4.94,3.07,2.98,3.59,3.71,1.82,1.64,8.25,8.22
772,3,1,7.34,7.63,4.98,4.98,2.94,2.88,3.44,3.55,1.65,1.45,8.5,8.5
786,1,1,6.08,5.97,3.55,3.53,2.39,2.25,2.55,2.63,0.91,0.93,5.53,5.39
786,2,1,5.7,5.63,3.77,3.67,2.22,2.55,2.92,2.74,0.76,1.1,5.86,6.04
786,3,1,5.99,5.43,3.86,3.91,2.66,2.42,2.36,2.36,1.09,1,6.4,6.52
787,1,1,6.34,6.42,4,4.18,3.27,2.98,2.69,3.02,1.47,1.45,6.7,6.59
787,2,1,6,5.94,4.5,4.38,2.81,2.95,1.86,2.11,1.33,1.13,8.06,8.28
787,3,1,6.86,6.67,4.64,4.6,2.74,2.77,2.35,2.53,1.13,1.06,8.49,8.02
811,1,1,7.49,7.52,5.06,4.88,2.24,2.24,4.23,4.2,1.04,1.12,8.06,8.07
811,2,1,8.15,7.88,5.12,5.32,1.99,2.08,3.13,3.11,1.23,1.14,8.34,8.2
811,3,1,7.6,7.72,4.92,4.76,1.96,1.83,3.62,3.57,0.97,1.08,7.61,7.73
812,1,1,6.54,6.9,5.13,4.93,1.9,2.06,3.36,3.54,0.96,1.11,7.09,7.18
812,2,1,7.04,6.72,4.5,4.54,1.85,1.79,3.2,3.31,1.17,1.1,7.31,7.42
812,3,1,6.82,6.84,5.61,5.21,1.92,1.84,3.4,3.37,1.21,1.4,6.64,6.93
813,1,1,7.27,7.08,4.69,4.25,2.95,3.07,3.35,3.44,1.55,1.18,7.84,8
813,2,1,6.67,7.04,4.37,4.47,3.07,3.06,3.49,3.38,1.87,1.63,7.76,7.64
813,3,1,7.87,7.42,4.58,4.81,2.89,3.33,3.46,3.49,1.41,1.54,8.28,7.95
814,1,1,7.44,7.28,4.16,4.22,2.94,2.98,3.42,3.45,1.36,1.16,8.11,8.07
814,2,1,7.44,7.72,4.55,4.7,2.75,2.83,3.7,3.71,1.4,1.34,7.99,8.22
814,3,1,7.22,7.26,3.93,4.38,2.89,2.58,3.73,3.78,1.35,1.31,8.11,7.93
817,1,1,7.65,7.33,4.34,4.31,2.25,2.4,3.71,3.69,1.46,1.2,8.41,8.36
817,2,1,7.03,6.96,4.11,4,1.91,1.81,3.28,3.13,1.16,1.05,7.88,7.8
817,3,1,7.29,7.46,4.07,3.87,1.99,1.77,2.79,2.8,1.26,1.33,8.1,8.14
818,1,1,6.53,6.3,4.48,4.36,2.5,2.76,3.17,3.2,1.26,1,7.95,7.95
818,2,1,6.97,6.94,4.45,4.52,2.85,2.75,3.13,3.15,1.66,1.69,7.56,7.6
818,3,1,7.23,7.13,4.67,4.6,2.59,2.96,3.37,3.24,1.38,1.55,7.72,7.49
824,1,1,6.85,7.13,4.16,4.27,2.27,2.29,2.07,2.36,1.26,1.05,7.73,7.86
824,2,1,6.9,7.06,4.47,4.4,2.53,2.29,1.75,1.76,1.16,1.04,7.76,7.91
824,3,1,7.11,7.28,4.55,4.63,2.27,2.14,1.66,1.68,0.98,1.11,7.69,7.64
838,1,1,7.23,7.34,4.49,4.75,2.89,2.7,3.48,3.53,1.5,1.57,7.98,8.06
838,2,1,7.32,7.65,4.7,4.74,2.96,3.11,3.48,3.3,1.65,1.64,8.04,7.93
838,3,1,7.53,7.6,4.88,4.84,2.89,2.86,3.25,3.25,1.39,1.39,8.2,7.85
851,1,1,6.15,6.56,4.53,4,2.11,1.82,3.49,3.63,1.18,1.24,7.28,7.21
851,2,1,6.79,6.81,4.64,5.21,1.98,1.9,3.53,3.21,1.41,1.58,7.78,8.01
851,3,1,6.91,7.43,4.59,4.55,1.99,2.08,3.52,3.51,1.41,1.2,7.22,7.6
855,1,1,6.43,6.23,4.29,4.33,2.72,2.51,3.29,3.03,1.45,1.17,7.65,7.97
855,2,1,6.15,6.18,4.44,4.34,2.77,2.75,3.02,2.96,1.54,1.12,6.14,6.82
855,3,1,6.99,6.93,4.2,4.35,2.81,2.92,2.6,2.86,0.87,1.11,7.96,8.06
853,1,1,7.08,6.83,4.48,4.66,2.83,2.9,3.49,3.48,1.12,1.24,8.13,8.13
853,2,1,6.84,6.84,4.49,4.34,2.7,2.9,3.39,3.23,1.5,1.36,7.92,7.75
853,3,1,7.07,7.15,4.41,4.64,2.92,2.67,3.21,3.52,1.09,1.36,7.95,8.05
854,1,1,6.69,6.85,4.24,4.44,2.21,2.22,1.73,1.94,1.21,1.21,7.99,7.67
854,2,1,6.86,6.88,4.47,4.38,2.22,2.16,1.42,1.52,1.59,1.64,7.86,7.86
854,3,1,6.77,6.66,4.65,4.46,2.21,2.15,1.55,1.29,1.25,1.14,7.78,7.82
852,1,1,6.9,7.01,4.31,4.55,2.88,2.61,3.52,3.44,1.52,1.71,7.47,7.22
852,2,1,7.17,7.24,4.51,4.51,2.78,2.72,3.22,3.36,1.63,1.63,7.98,7.74
852,3,1,7.72,7.72,4.52,4.34,2.43,2.65,3.23,3.33,1.45,1.56,7.94,8.23
858,1,1,6.82,7.09,4.22,4.22,2.33,2.3,1.68,1.73,1.47,1.61,7.93,8.11
858,2,1,6.67,6.9,4.44,4.14,2.15,2.17,1.847,1.9,1.42,1.82,7.58,7.53
858,3,1,7.09,7.12,3.89,3.69,2.28,2.25,2.31,2.35,1.53,1.79,7.74,8.06
859,1,1,7.09,7.01,3.48,3.84,2.1,2.01,2.02,1.97,1.11,1.1,7.19,7.37
859,2,1,7.21,7.14,4.61,4.53,2.14,2.14,2.11,1.91,1.25,1.21,7.62,7.19
859,3,1,6.54,6.54,3.83,3.67,2.19,1.99,2.26,2.19,1.14,1.41,8.5,8.5
860,1,1,7.27,7.14,4.01,3.94,2.23,2.14,1.84,1.78,1.17,1.2,7.93,8.01
860,2,1,6.89,7.01,4.14,4.28,2.14,2.11,2.06,2.17,1.18,1.26,7.17,6.91
860,3,1,6.41,6.81,4.16,4.21,2.08,2.03,2.05,2.26,1.22,1.34,7.98,7.77
861,1,1,7.21,7.16,4.17,3.86,2.12,2.23,1.99,1.84,1.31,1.08,7.84,7.92
861,2,1,6.75,6.84,4.18,3.82,2.38,2.26,2.01,2.07,1.09,1.3,7.74,7.47
861,3,1,6.17,6.1,4.09,4.06,2.23,2.01,1.8,1.8,1.1,0.95,7.38,7.26
862,1,1,6.29,6.13,3.71,3.53,2.17,2,1.78,1.65,1.1,1.15,7.87,7.87
862,2,1,6.08,6.17,3.88,3.51,2.24,1.95,1.81,1.96,0.95,1.13,7.04,7.37
862,3,1,6.45,6.45,3.97,4.15,1.91,1.84,1.97,2.04,1.19,0.98,7.55,7.55
867,1,1,7.2,7.07,3.44,3.81,2.15,2.01,1.98,1.86,1.11,1.22,7.77,7.89
867,2,1,6.02,6.14,3.51,3.31,2.18,2.15,1.86,1.88,1.13,1.13,7.45,7.68
867,3,1,6.29,6.37,3.28,3.53,2.13,1.95,1.86,1.95,1.16,0.96,7.24,7.3
870,1,1,7.06,6.98,3.48,3.99,2.11,2.3,2.2,1.75,1.06,1.45,7.7,7.9
870,2,1,5.89,5.97,4.48,4,2.23,2.33,1.96,1.81,1.19,1.2,8.18,7.94
870,3,1,6.97,6.75,3.88,4.33,2.09,2.17,2.25,2.25,0.9,1.07,7.76,8.02
871,1,1,7.04,7.32,4.8,4.4,2.32,2.39,1.65,1.84,1.23,1.11,7.96,8.23
871,2,1,7.13,7.01,3.99,4.18,2.44,2.4,1.56,1.45,1.15,1.47,7.99,7.89
871,3,1,6.51,6.67,3.74,4.2,2.25,2.53,1.5,1.32,1.27,1.2,7.57,8.15
877,1,1,7.51,7.66,4.43,4.44,2.12,1.8,3.72,3.53,1.59,1.4,8.41,8.4
877,2,1,6.77,7.03,3.83,3.96,1.96,2.39,2.92,3.06,1.16,1.28,7.47,7.35
877,3,1,7.22,7.29,2.94,2.89,1.88,1.85,3.13,3.27,1.5,1.41,7.7,7.63
878,1,1,6.74,6.99,4.22,4.27,2.31,2.39,1.83,1.58,1.48,1.46,7.77,7.83
878,2,1,7.39,7.28,3.81,4.05,2.14,2.12,1.36,1.77,1.51,1.32,8.12,7.99
878,3,1,6.68,6.77,3.81,4.31,1.98,2.3,1.37,1.42,1.46,1.26,7.76,7.62
884,1,1,7.27,6.99,3.3,3.37,2.34,2.1,1.78,1.72,1.36,1.29,7.58,8.02
884,2,1,7.13,7.21,4.37,4.28,2.47,2.35,1.76,1.93,1.49,1.32,7.62,7.71
884,3,1,6.69,6.51,3.93,3.82,2.45,2.19,1.88,2.14,1.34,1.11,7.83,7.76
885,1,1,6.1,6.26,3.11,3.26,2.2,2.17,3.07,3.14,1.03,1.11,7.13,7.44
885,2,1,6.86,6.54,3.21,3.34,2.41,2.32,3.46,3.48,1.25,1.39,6.55,6.65
885,3,1,6.06,6.47,3.5,3.84,2.36,2.27,3.37,3.37,1.28,1.28,6.65,7.19
891,1,1,7.07,6.9,3.1,2.81,2.77,2.95,2.74,2.75,1.2,1.08,7.29,7.57
891,2,1,6.65,6.72,3.84,4.07,2.55,2.5,3.06,3.17,1.2,1.28,6.23,6.53
891,3,1,6.18,6.44,3.83,3.94,2.28,2.79,3.24,2.96,1.27,1.51,6.25,7.51
892,1,1,5.82,5.89,3.4,3.35,2.05,1.91,2.81,2.76,1.23,1.34,7.05,6.82
892,2,1,8.16,5.37,3.33,3.32,1.68,2.42,2.93,2.98,1.19,1.07,6.38,6.74
892,3,1,5.59,5.39,3.4,3.53,1.73,1.84,3.37,3.32,1.36,1.54,6.22,5.88
896,1,1,6,6.07,3.74,3.84,2.84,2.94,3.38,3.39,1.12,1.08,7.56,7.44
896,2,1,6.33,6.43,3.69,3.81,2.84,2.84,3.45,3.56,1.29,1.35,7.24,7.43
896,3,1,6.2,6.15,3.69,3.53,2.66,2.73,3.13,3.19,1.2,1.24,7.26,7.28
897,1,1,7.01,6.83,4,4.14,2.54,2.59,2.65,2.59,1.44,1.1,8.07,7.62
897,2,1,6.22,6.3,4.37,3.91,2.62,2.72,3,2.95,1.36,1.19,6.97,6.77
897,3,1,6.94,7.02,4.12,3.74,2.44,2.39,2.71,2.64,1.23,1.63,7.71,7.77
898,1,1,6.73,7.04,3.34,3.26,2.56,2.75,3.25,3.2,1.3,1.31,8.27,7.93
898,2,1,6.84,6.94,4.01,3.97,3.16,3.11,3.34,3.35,1.41,1.6,7.42,7.72
898,3,1,6.86,6.74,3.98,4,2.53,2.8,3.15,3.24,1.11,1.44,7.7,7.85
901,1,1,7.45,7.47,4.36,4.36,2.17,2.17,3.14,3.36,1.18,1.47,8.21,8.16
901,2,1,7.25,7.29,4.31,3.86,2.67,2.25,3.37,3.43,1.4,1.21,8.16,8.05
901,3,1,6.59,6.8,4.42,4.33,2.25,2.66,3.11,3.26,1.36,1.36,7.53,7.47
902,1,1,6.64,6.44,3.56,3.9,2.23,2.24,2.96,3.01,1.46,1.42,7.89,7.8
902,2,1,6.95,7.07,4.41,4.35,2.04,2.71,2.97,2.97,1.41,1.41,6.05,6.22
902,3,1,5.53,5.75,4.05,3.96,2.38,2.58,2.96,3.12,1.13,1.25,6.75,6.06
905,1,1,6.85,7.13,3.85,4.21,2.66,2.81,3.13,3.16,1.23,1.52,7.62,8.03
905,2,1,6.9,6.89,3.69,3.52,2.6,2.51,2.98,3.21,1.48,1.36,7.03,7.01
905,3,1,6.46,6.46,3.54,3.54,2.77,2.32,3,2.83,1.23,1.12,6.73,6.43
906,1,1,6.53,6.57,3.58,3.57,1.98,1.83,2.77,2.89,1.29,1.44,8.03,7.51
906,2,1,7.37,7.29,4.19,3.78,2,2.18,2.95,3.07,1.13,1.35,8.03,7.96
906,3,1,6.64,6.91,3.72,4.08,2.01,2.11,3.43,3.42,1.49,1.38,7.69,7.51
908,1,1,6.88,7.07,4.34,4.02,2.65,2.87,2.97,2.86,1.24,1.13,8.18,8.12
908,2,1,7.29,7.25,4.16,4.25,2.76,2.79,3.11,3.15,1.47,1.55,7.58,7.63
908,3,1,6.55,6.64,3.96,3.93,2.514,2.49,3.16,3.19,1.27,1.23,7.62,7.58
909,1,1,6.47,6.34,3.5,3.23,2.14,2.42,2.61,2.72,1.62,1.27,7.01,7.35
909,2,1,5.99,6.05,3.09,3.64,2.57,2.71,3,3.05,1.42,1.35,6.55,5.97
909,3,1,6.19,6.47,3.97,3.85,2.87,2.72,3.46,3.46,1.85,1.56,6.76,6.76
911,1,1,7.66,7.54,4.17,4.17,2.69,2.57,3.42,3.11,1.75,1.4,8.08,8.21
911,2,1,7.32,6.88,4.38,4.54,2.66,2.53,3.49,3.61,1.77,1.86,7.66,7.91
911,3,1,7,7.05,4.11,4.43,2.22,2.35,3.46,3.36,1.04,1.04,7.88,7.81
912,1,1,7.08,7.03,4.3,4.41,2.85,2.75,3.29,3.29,1.5,1.23,7.98,7.74
912,2,1,7.1,7.26,4.32,4.27,3.14,2.56,3.49,3.34,1.47,1.63,7.47,7.58
912,3,1,7.05,7,3.45,3.45,2.67,3.07,3.45,3.29,1.51,1.64,7.97,8.02
914,1,1,7.6,7.72,4.12,3.97,2.36,2.29,2.92,2.79,1.3,1.33,8.18,8.22
914,2,1,6.98,7.14,4.39,4.33,2.55,2.4,3.35,3.48,1.41,1.41,7.93,7.99
914,3,1,7.08,7.08,3.82,3.96,2.3,2.54,3.56,3.39,1.23,1.41,7,7.62
1058,1,1,5.82,5.41,3.66,4.05,2.31,2.1,1.85,1.79,0.81,0.9,7.25,7.29
1058,2,1,6.38,6.48,3.53,3.83,2.89,1.97,3.25,3.35,1.21,1.34,7.72,7.29
1058,3,1,6.77,6.78,4.28,4.49,2.66,2.84,3.38,3.52,0.97,1.02,7.65,7.71
1081,1,1,6.29,6.52,3.75,3.75,2.5,2.24,2.81,2.76,1.05,1.05,7.78,7.75
1081,2,1,6.01,6.19,3.28,3.38,2.57,2.95,3.13,3.17,1.1,1.1,6.27,5.73
1081,3,1,6.61,6.64,3.97,4.05,2.63,2.51,3.66,3.59,1.17,1.17,7.38,7.47
1087,1,1,7.17,7.09,4.14,4.15,2.63,2.29,2.78,2.69,1.04,1,7.34,7.43
1087,2,1,6.18,6.31,4.21,4.23,2.6,2.65,2.97,2.82,1.6,1.44,7.66,7.65
1087,3,1,6.46,6.49,3.87,3.98,2.27,2.18,3.29,3.32,1.46,1.26,7.22,7.75
1109,1,1,7.08,7.23,4.23,3.95,2.18,2.22,3.36,3.34,1.48,1.57,7.91,8.17
1109,2,1,7.09,7.06,4.51,4.69,2.52,2.52,3.91,3.97,1.43,1.51,7.59,7.74
1109,3,1,7.15,7.03,4.74,4.63,2.78,2.71,3.54,3.41,1.29,1.37,7.54,7.7
1127,1,1,7.23,7.41,4.11,3.96,2.93,2.56,2.96,3.02,1.29,1.33,7.76,7.56
1127,2,1,6.69,6.58,4,4.14,2.91,2.97,3.56,3.5,1.37,1.32,7.44,7.76
1127,3,1,7.45,7.48,4.4,4.56,2.86,2.72,3.38,3.24,1.26,1.11,7.76,7.71
1128,1,1,6.39,6.52,2.98,3.39,2.08,2.32,2.99,2.85,1.28,1.38,5.7,5.87
1128,2,1,6.54,6.6,3.47,3.51,2.66,2.77,3.19,3.31,1.09,1.26,7.12,7.32
1128,3,1,6.03,5.6,4.2,4.12,1.88,2.13,3.08,3.04,1.1,1.21,6.6,6.69
1134,1,1,6.99,6.99,4.07,3.89,2.91,2.53,3.22,3.28,1.43,1.45,7.44,6.95
1134,2,1,7.05,7.1,4.38,4.38,2.85,2.39,3.28,3.28,1.64,1.29,7.39,7.34
1134,3,1,6.46,6.75,3.81,3.97,2.72,2.45,3.46,3.3,1.38,1.17,7.54,7.2
1135,1,1,6.89,6.93,4.25,4.1,2.26,2.17,3.49,3.4,1.51,1.32,7.33,6.89
1135,2,1,6.94,7.09,4.3,4.3,2.48,2.34,3.84,3.68,1.44,1.33,7.51,7.38
1135,3,1,6.41,6.72,4.29,4,2.33,2.15,3.64,3.51,1.49,1.49,6.36,6.42
1139,1,1,7.17,7.31,4.32,4.38,2.03,2.35,2.73,2.59,1.45,1.4,8.5,8.05
1139,2,1,6.89,6.75,4.25,4.05,2.24,2.1,3.18,3.16,1.19,1.44,6.64,7.12
1139,3,1,6.34,6.51,3.38,3.03,1.94,2.03,3.01,3.04,1.07,1.38,7.56,7.7
1175,1,1,6.7,6.83,4.07,4.19,2.47,2.4,3.09,3.11,1.15,0.89,7.57,7.33
1175,2,1,6.86,6.96,3.52,3.7,2.1,2.1,3.13,3.09,0.89,0.82,7.32,7
1175,3,1,7.05,7.06,3.39,3.68,2.16,2.24,2.4,2.67,0.81,0.73,7.37,7.37
1327,1,1,6.67,6.5,4.13,3.91,2.54,2.31,2.57,2.86,1.49,1.63,7.64,7.87
1327,2,1,6.83,6.97,3.41,3.46,2.39,2.47,3.43,3.28,1.51,1.56,7.4,7.27
1327,3,1,6.8,6.72,4.49,4.41,2.47,2.58,3,3.17,1.46,1.53,7.44,7.65
1328,1,1,6.74,6.51,3.73,4.06,2.62,2.88,3.41,3.33,1.64,1.69,7.82,7.92
1328,2,1,7.09,7.09,4.62,4.52,2.98,2.63,2.97,3.07,1.46,1.18,8.08,8.27
1328,3,1,6.92,6.92,4.07,4.19,2.94,2.94,3.29,3.2,1.46,1.42,7.63,7.54
1329,1,1,7.4,7.25,4.3,4.16,2.77,3.1,3.31,3.25,1.75,1.62,7.83,7.83
1329,2,1,7.47,7.19,4.23,4.19,3.09,2.84,3.66,3.51,1.69,1.6,8.09,8.14
1329,3,1,7.67,7.59,4.78,4.78,3.14,3.09,3.52,3.54,1.56,1.72,8.06,8.12
1330,1,1,6.57,6.42,3.83,3.54,2.64,2.48,2.78,3.64,1.2,1.09,7.69,7.44
1330,2,1,6.76,6.45,4.28,4.18,2.34,2.21,3,2.85,1.77,1.39,7.36,6.25
1330,3,1,6.37,6.16,3.93,3.56,2.51,2.86,3.25,3.39,1.29,1.56,7.25,7.29
1331,1,1,6.97,6.87,3.72,3.99,2.34,1.97,2.85,2.95,1.26,1.24,8.1,7.99
1331,2,1,6.64,6.46,3.6,3.83,2.77,2.9,3.25,3.34,1.42,1.28,7.68,7.49
1331,3,1,7.14,7.24,4.46,4.48,2.82,3.03,3.67,3.76,1.63,1.7,8.29,8.22
1332,1,1,7.29,6.9,3.62,4.59,2.68,2.74,3.32,3.49,1.64,1.71,8.31,8.4
1332,2,1,7.58,7.4,4.7,4.86,2.94,2.69,4.06,4.1,1.94,1.91,7.75,7.75
1332,3,1,7.45,7.67,4.84,4.69,3,2.93,3.24,3.38,1.74,1.62,8.11,7.94
1340,1,1,6.22,6.36,3.07,2.72,2.53,2.1,2.85,2.93,1.15,1.15,7.28,7.31
1340,2,1,6.5,6.3,3.24,3.13,2.71,2.59,2.81,2.88,1.4,1.61,7.07,6.97
1340,3,1,5.91,5.91,3.71,3.97,2.35,2.56,2.94,2.78,1.17,1.33,6.83,6.77
1345,1,1,6.48,6.64,4.16,4.16,3.02,2.93,3.18,3.18,1.58,1.43,7.12,7.5
1345,2,1,6.39,6.88,4.17,4.4,3.22,3.22,3.02,2.99,1.4,1.54,7.35,7.35
1345,3,1,6.55,6.55,4.22,4.37,3.05,3,2.74,2.92,1.37,1.4,7.56,7.56
1365,1,1,7.05,7.15,4.25,4.37,2.92,3.04,3.19,3.12,1.36,1.44,7.52,7.73
1365,2,1,6.87,7.03,4.18,4.28,2.82,2.95,3.24,3.41,1.74,1.83,7.6,7.8
1365,3,1,6.74,6.84,4.19,4.24,2.42,2.55,3.35,3.28,1.44,1.44,8.03,8.16
1366,1,1,6.91,6.72,4.13,4.21,2.82,2.82,3.2,3.08,0.99,1.08,7.5,7.75
1366,2,1,6.85,6.91,4.33,4.26,2.37,2.01,3.04,3.1,1.39,1.52,7.58,7.37
1366,3,1,6.56,6.42,4.25,4.03,2.58,2.88,3.42,3.42,1.58,1.58,7.66,7.93
1392,1,1,7.04,7.14,3.57,3.64,2.89,2.94,3.05,3.15,0.97,0.97,7.51,7.56
1392,2,1,6.62,6.55,4.34,4.28,2.64,2.91,3.25,3.03,1.29,1.24,7.27,7.21
1392,3,1,7.39,7.59,4.82,4.98,2.71,2.78,3.28,3.26,1.08,1.06,7.58,7.52
1393,1,1,6.94,6.99,4.73,4.85,2.75,2.85,3.08,2.97,1.44,1.43,7.65,7.53
1393,2,1,7.65,7.75,4.58,4.44,2.8,2.85,3.48,3.59,1.55,1.3,7.56,7.7
1393,3,1,7.79,7.83,4.69,5.01,3.05,2.87,3.53,3.5,1.27,1.23,7.21,7.56
1502,1,1,7.15,7.01,4.23,4.24,2.56,3.09,3.18,3.27,1.17,1.45,8.05,7.58
1502,2,1,6.79,7.08,4.5,4.56,2.6,2.87,3.56,3.88,1.29,1.35,7.79,7.84
1502,3,1,7.54,7.44,4.22,4.53,2.63,2.85,3.3,3.58,1.28,1.37,6.99,7.23
1541,1,1,6.59,6.63,4.29,4.21,3.22,3.35,2.99,2.92,1.31,1.28,6.63,6.74
1541,2,1,6.4,6.42,4.05,4.19,3.09,3.1,3.23,3.42,1.3,1.59,6.87,6.84
1541,3,1,6.4,6.49,4.42,4.56,3.15,3.2,3.1,3.26,0.78,0.82,5.43,5.6
1582,1,1,6.88,7.11,4.25,4.16,3.11,2.86,2.77,3.04,1.49,1.06,7.46,7.66
1582,2,1,6.73,6.58,4.37,4.3,3.05,2.79,2.94,2.83,1.19,1.37,7.28,7.4
1582,3,1,6.63,6.63,4.21,4.18,2.76,3.13,2.95,3.08,1.32,1.42,6.68,6.95
1620,1,1,5.95,5.73,3.3,3.01,2.93,1.96,3.14,2.93,1.11,1.05,5.52,5.67
1620,2,1,6.48,6.45,3.97,3.65,2.86,2.69,3.38,3.34,1.32,1.08,6.85,6.95
1620,3,1,5.84,5.38,3.98,3.8,2.01,2.17,3.39,3.38,1.15,1.15,6.76,6.6
1622,1,1,6.35,5.97,3.24,3.5,2.43,2.61,2.46,2.61,1.1,1.15,5.47,6.52
1622,2,1,5.49,5.55,2.66,2.97,2.14,2.32,2.53,2.76,0.81,0.96,7.37,7.3
1622,3,1,5.63,5.55,1.78,2.18,1.87,2.67,2.46,2.41,0.71,0.86,5.03,5.95
1671,1,1,6.45,6.2,4.16,4.08,3.06,2.69,3.39,3.15,1.33,1.17,7.25,6.62
1671,2,1,6.77,6.72,3.94,3.94,3.1,2.57,3.09,2.96,0.93,1.03,6.92,6.56
1671,3,1,6.53,6.72,3.77,3.88,2.86,2.45,3.08,2.86,0.94,0.94,6.95,6.47
1672,1,1,7.33,6.94,4.26,4.19,2.82,2.32,2.78,2.78,1.42,1.2,7.22,7.34
1672,2,1,6.36,6.52,4.58,4.2,2.49,2.7,3.06,3.19,1.02,1.09,7.38,7.21
1672,3,1,6.67,6.58,4.57,4.77,2.64,2.88,3.4,3.31,1.29,1.38,6.37,6.68
1691,1,1,5.92,6.16,3.49,2.99,3.08,2.69,2.64,2.64,1.21,1,7.13,7.55
1691,2,1,5.6,5.3,3.68,3.33,2.28,2.8,3.45,3.34,1.4,1.13,7.34,7.19
1691,3,1,6.52,6.85,3.7,3.29,2.56,2.69,3.68,3.48,1.2,1.13,6.64,6.91
1692,1,1,5.96,5.98,1.2,1.43,2.57,3.01,2.73,2.37,0.93,1.07,6.46,6.55
1692,2,1,6.03,5.9,3.33,3.62,2.88,3.01,2.64,2.76,1.14,1.16,6.06,5.76
1692,3,1,5.39,5.36,4.03,3.86,3.09,3.2,2.73,2.72,0.98,0.93,5.78,5.88
1712,1,1,7.33,7.58,4.14,4.36,2.91,3.23,3.35,3.41,1.26,1.39,8.22,8.22
1712,2,1,7.75,7.74,4.66,4.49,3.27,3.31,3.53,3.27,1.15,1.16,8.19,8.3
1712,3,1,7.1,6.79,3.95,3.61,3.03,2.97,2.92,2.94,1.17,1.49,6.82,6.72
1713,1,1,6.12,6.15,3.84,3.71,3.17,3.05,2.84,2.5,1.15,0.94,7.52,7.32
1713,2,1,6.83,6.45,4.13,3.69,3.23,2.78,3.09,2.98,1.18,0.83,6.81,6.81
1713,3,1,6.32,6.08,4.4,4.11,3.23,2.99,3.17,3.04,0.97,1.13,7.08,6.79
1721,1,1,6.91,6.79,3.14,3.47,2.58,2.15,2.45,2.43,1.16,1.1,7.35,7.21
1721,2,1,6,6.09,4.27,4.07,2.87,2.67,2.76,3.05,1.18,1.04,6.79,6.88
1721,3,1,5.87,6.22,4.07,3.98,2.78,3.05,2.91,2.81,1.09,1.09,6.22,6.34
1722,1,1,6.41,6.16,3.78,3.65,2.32,2.75,2.49,2.61,1.02,1.1,6.43,6.24
1722,2,1,6.53,6.58,3.87,3.68,2.33,2.68,2.59,2.59,1.1,1.1,6.45,6.02
1722,3,1,6.05,6.1,2.97,2.43,2.72,2.37,2.59,2.64,1.16,1.12,5.71,5.98
1731,1,1,6.76,6.65,3.88,4.19,2.43,2.82,2.6,2.76,1.16,1.12,8.5,8.5
1731,2,1,6.38,6.56,4,4.14,2.18,2.62,3.12,3.37,1.26,1.37,7.87,7.7
1731,3,1,7.03,7.08,4.36,4.04,2.5,2.06,3.18,3.23,1.29,1.1,7.3,7.37
1732,1,1,6.9,7.1,4.55,4.48,1.99,2.54,3.67,3.76,1.08,1.18,7.96,7.9
1732,2,1,7.67,7.67,4.84,5.18,2.26,2.3,3.72,3.79,1.11,1.23,7.82,7.45
1732,3,1,6.72,7.01,5.09,5.15,2.15,2.23,3.83,3.79,1.03,1.16,6.69,6.81
1791,1,1,6.37,6.37,3.48,3.79,2.86,3.08,3.01,3.34,1.34,1.57,6.84,6.77
1791,2,1,7.29,6.93,4.32,4.32,2.72,2.6,3.49,3.58,1.18,1.39,8,8.48
1791,3,1,6.28,6.63,4.13,4.47,2.4,2.94,3.6,3.8,1.14,1.33,6.43,6.93
1832,1,1,6.5,6.86,4.01,4.05,2.61,2.63,2.9,2.89,0.93,0.95,6.99,7.16
1832,2,1,6.86,7.02,4.09,3.94,2.8,2.59,3.28,3.14,1.39,1.46,6.88,6.88
1832,3,1,7.31,7.1,4.23,4.29,2.83,2.89,3.23,3.24,1.26,1.19,6.18,6.67
1844,1,1,7.16,7.2,4.31,4.33,2.15,2.21,1.49,1.33,0.98,1.08,7.82,7.57
1844,2,1,7.14,7.04,4.52,4.51,2.38,2.38,1.51,1.54,1.13,1.13,8.48,8.33
1844,3,1,6.68,6.53,4.2,4.38,2.14,2.09,1.37,1.51,1.13,1.06,7.25,7.34
1849,1,1,6.78,6.94,4.55,4.51,2.49,2.46,1.4,1.04,0.92,1.27,7.52,7.28
1849,2,1,6.72,6.77,4.36,4.52,2.23,2.54,1.45,1.56,1.08,1.25,7.88,7.76
1849,3,1,7.12,6.78,4.55,4.3,2.33,2.47,1.44,1.44,1.2,1.29,6.67,6.71
1870,1,1,6.58,6.68,3.61,3.75,2.64,2.48,2.37,2.21,1.11,1.11,7.37,7.46
1870,2,1,6.62,6.61,3.8,3.99,2.6,2.74,2.54,2.23,1.07,1.07,7.37,7.27
1870,3,1,6.46,6.57,3.73,3.83,2.77,2.68,2.56,2.59,1.12,1.12,6.51,6.43
1872,1,1,5.79,5.74,4.4,4.27,2.6,2.86,2.34,2.49,1,0.94,7.1,6.95
1872,2,1,6.14,5.89,4.56,4.48,2.72,2.98,2.89,3,1.07,1.01,7.32,7.19
1872,3,1,6.31,6.21,4.67,4.77,2.82,2.86,2.94,3.05,1.07,1.22,6.64,6.66
1884,1,1,6.28,6.28,4.51,4.83,2.88,3,3.16,3.29,1.19,1.27,6.96,6.86
1884,2,1,6.41,6.48,4.79,4.79,2.89,2.8,3.66,3.53,1.32,1.16,7.63,7.41
1884,3,1,6.19,6.29,4.88,5,2.95,2.72,3.13,3.19,1.29,1.22,6.52,6.62
1885,1,1,6.63,6.4,4.19,4.13,3.53,3.23,2.86,2.69,0.3,0.3,6.13,6.16
1885,2,1,6.75,6.57,4.51,4.45,3.24,3.09,3.43,3.24,0.89,0.82,6.53,6.68
1885,3,1,6.38,6.53,4.01,4.45,3.2,3.24,2.9,2.62,0.84,0.93,6.16,6.37
1941,1,1,6.86,6.41,3.95,3.87,3.06,2.84,3.09,3.14,1.26,1.36,6.75,7.04
1941,2,1,7,7.21,4.54,4.38,3.2,3.32,3.45,3.46,1.14,1.04,7.26,7.36
1941,3,1,6.97,6.83,3.91,3.84,3.02,3.16,3.34,3.53,1.34,1.53,5.7,5.86
1942,1,1,6.85,6.64,3.69,3.59,2.92,2.68,3.1,3.14,1.26,1.18,6.7,6.98
1942,2,1,7.49,7.34,4.93,4.84,3.07,3.19,3.45,3.33,1.03,1.11,7.28,7.22
1942,3,1,7.27,7.57,4.68,4.89,3.07,2.75,3.37,3.37,1.2,1.14,6.85,6.7
1962,1,1,6.77,6.87,4.26,4.26,2.55,2.79,3.22,3.11,1.45,1.35,6.99,7.39
1962,2,1,6.77,6.99,4.53,4.47,2.91,2.67,3.66,3.63,1.85,1.62,6.89,6.79
1962,3,1,7.4,7.43,4.26,4.3,2.61,2.48,3.64,3.54,1.24,1.36,6.95,6.79
1963,1,1,6.94,6.91,4.24,3.95,2.81,2.33,1.43,1.3,1.59,1.33,7.83,7.44
1963,2,1,7.32,7.14,4.18,4.07,2.3,2.49,1.07,1.26,1.32,1.48,8.5,8.5
1963,3,1,7.01,6.91,4.19,3.8,2.89,2.52,1.51,1.28,1.55,1.39,6.87,6.72
1965,1,1,7.38,7.24,4.53,4.3,2.53,3.19,2.74,2.89,0.89,1.26,7.52,7.65
1965,2,1,7.72,7.44,4.58,4.21,2.71,2.84,3.61,3.58,1.25,1.4,7.33,7.28
1965,3,1,6.63,6.79,4.2,4.41,2.58,3.07,3.23,3.42,1.38,1.55,6.38,7.03
1972,1,1,7.13,7.06,4.51,4.46,3,3.05,3.17,3.17,1.4,1.36,7.41,7.77
1972,2,1,7.52,7.67,4.57,4.62,3.07,3.12,3.29,3.38,1.16,1.16,7.59,7.42
1972,3,1,7.23,7.17,4.59,4.66,3.03,2.99,3.69,3.73,1.5,1.47,6.66,6.6
2001,1,1,6.84,6.79,3.46,3.55,2.89,3.04,2.93,2.99,1.08,0.98,7.38,6.98
2001,2,1,6.66,6.66,4.1,4.27,2.98,3.09,3.45,3.7,0.86,1.14,7.32,7.34
2001,3,1,6.48,6.52,3.78,3.78,2.96,2.88,3.1,3.22,1.29,1.18,6.9,6.71
2012,1,1,6.94,6.83,4.12,3.9,2.07,2.11,1.45,1.11,0.83,1.17,7.59,7.98
2012,2,1,6.24,6.61,4.26,4.35,2.27,2.22,1.47,1.83,0.95,1.01,7.64,7.71
2012,3,1,6.64,6.39,4.17,4.42,2.37,1.98,1.41,1.26,0.87,0.92,6.67,6.73
2013,1,1,6.58,6.67,3.76,3.67,2.18,2.03,1.6,1.33,0.84,1.02,7.69,7.53
2013,2,1,6.66,6.63,4.31,4.46,2.2,2.24,1.55,1.71,1.04,1.31,7.35,7.35
2013,3,1,6.28,6.79,4.22,4.5,2.16,2.16,1.41,1.78,1.03,1.22,6.22,6.74
2014,1,1,6.52,6.45,4.07,4.07,2.22,2.28,1.41,1.51,0.88,0.8,7.56,7.41
2014,2,1,6.75,6.92,4.45,4.56,2.05,2.38,1.46,1.41,0.98,1.03,7.89,7.98
2014,3,1,6.81,6.79,4.03,3.81,2.57,2.38,1.69,1.88,0.98,0.82,6.55,7.07
2015,1,1,6.46,6.33,3.94,3.93,2.21,2.25,1.13,1.13,0.76,0.84,7.65,7.44
2015,2,1,5.67,5.95,4.09,4.09,2.28,2.28,1.57,1.25,1.13,0.94,6.11,5.99
2015,3,1,6.34,6.71,4.12,3.96,2.18,2.08,1.6,1.58,0.88,0.86,6.88,6.77
2027,1,1,6.66,6.64,4,3.64,2.92,2.92,3.3,3.43,1.12,1.17,7.98,7.82
2027,2,1,6.61,6.83,3.42,3.6,3.07,2.95,3.3,3.32,1.01,1.09,7.2,7.37
2027,3,1,7.02,6.59,3.7,3.81,2.68,2.61,3.49,3.7,1.19,1.04,6.68,6.78
2029,1,1,6.61,6.67,4.35,4.22,3.05,2.97,3.18,3.23,1.35,1.11,7.65,7.08
2029,2,1,7.12,7.12,4.47,4.3,2.7,2.83,3.58,3.58,1.52,1.55,6.93,6.99
2029,3,1,7.11,6.83,4.27,4.13,3.29,3.06,3.56,3.26,1.51,1.38,7.09,6.87
2030,1,1,6.99,7.07,4.41,4.23,3.25,3.25,3.41,3.35,1.25,1.09,7.44,7.52
2030,2,1,6.67,6.15,4.16,3.77,2.82,3.13,3.45,3.52,0.95,1.17,6.94,7.31
2030,3,1,6.84,7.18,4.44,4.7,3.13,3.25,3.61,3.39,1.28,1.13,6.82,6.64
2031,1,1,6.73,6.6,3.71,3.91,2.75,3.07,3.43,3.56,1.29,1.43,8.13,7.99
2031,2,1,7.09,7.15,4.24,4.03,2.91,3.05,3.51,3.44,1.15,1.02,7.52,7.58
2031,3,1,7.26,7.22,4.5,4.46,3.29,3.06,3.34,3.2,1.34,1.25,6.8,6.79
2033,1,1,7.12,7.03,4.26,4.26,3.2,3.07,3.06,3.23,1.33,1.3,7.74,7.9
2033,2,1,6.64,6.64,4.05,4.1,2.9,2.84,2.94,2.85,0.96,1.06,6.02,6.52
2033,3,1,7.1,7,4.58,4.5,2.62,2.99,3.07,3.15,1.31,1.47,6.03,6.13
2097,1,1,5.83,5.83,3.96,4.13,2.11,2.19,2.56,2.71,0.95,1.21,6.98,7.2
2097,2,1,6.4,6.33,4.19,4.27,2.85,2.94,2.67,2.67,1.4,1.16,7.08,6.9
2097,3,1,7.13,6.67,4.37,4.12,2.81,2.67,2.97,2.97,1.17,0.88,7.23,7.33
2098,1,1,7.2,7.13,4.63,4.86,2.54,2.54,3.58,3.54,1.48,1.48,7.63,7.84
2098,2,1,7,7.23,4.42,4.58,3.02,2.88,3.42,3.5,1.4,1.33,7.04,7.04
2098,3,1,7.23,7.55,4.7,4.37,3.12,3.08,3.45,3.55,1.62,1.56,7.36,7.36
2108,1,1,5.31,5.76,2.23,2.43,1.79,2.5,2.65,2.84,0.83,0.91,5.6,5.55
2108,2,1,5.73,5.88,2.09,1.86,2.03,2.57,2.38,2.76,0.91,1.02,6.18,6.57
2108,3,1,6.33,6.03,3.39,3.66,2.35,2.41,2.94,2.99,0.93,1.12,5.77,5.98
2110,1,1,6.1,5.97,3.33,3.83,2.01,1.7,2.8,2.66,1.34,1.31,5.53,5.78
2110,2,1,5.73,5.48,3.48,3.23,2.8,2.44,2.8,2.69,0.96,1.04,7.31,7.26
2110,3,1,6.54,6.5,3.92,3.84,2.58,2.13,3.09,2.94,1.03,1.1,6.3,5.98
2121,1,1,6.99,6.9,4.69,4.38,2.43,2.49,3.42,3.38,1.5,1.38,6.61,6.45
2121,2,1,7.23,7.1,4.44,4.38,2.97,3.05,3.46,3.4,1.22,1.02,7.67,7.94
2121,3,1,6.52,6.49,4.05,3.62,2.83,2.54,3.4,3.27,1.24,1.17,6.63,6.53
2129,1,1,6.37,6.04,4.06,3.95,2.06,2.02,1.86,1.75,1.37,1.21,5.13,4.98
2129,2,1,6.52,6.12,3.59,3.57,2.28,2.24,1.95,1.66,1.16,1.02,7.17,6.49
2129,3,1,6.54,6.11,3.63,3.63,2.13,2.15,1.53,1.69,1.16,1.01,7.01,7.24
2130,1,1,5.8,5.96,4.27,4.52,2.18,2.06,1.82,1.72,1.11,1.25,5.12,5.29
2130,2,1,6.64,6.71,4.3,4.04,2.26,2.35,1.57,1.47,1.31,1.26,7.97,7.74
2130,3,1,6.01,5.78,3.98,4.4,2.29,2.37,1.47,1.42,0.88,0.98,7.23,6.92
2131,1,1,5.72,5.81,2.96,3.25,2.29,2.46,2.93,3.13,0.82,1.15,5.05,5.24
2131,2,1,5.7,5.61,3.63,3.53,2.9,2.29,3.22,2.92,0.91,0.84,6.38,5.14
2131,3,1,6.56,6.17,3.71,3.44,2.32,2.34,3.07,3.13,1.11,0.88,5.34,6.08
2132,1,1,7.01,6.96,4.62,3.74,2.73,2.88,3.45,3.53,1.41,1.49,6.64,6.79
2132,2,1,7.59,7.56,4.6,4.59,3.14,3.08,3.69,3.66,1.62,1.68,7.67,7.51
2132,3,1,7.18,7.09,4.54,4.64,3.18,3.12,3.47,3.37,1.51,1.45,8,7.49
2149,1,1,6.68,6.75,4.67,4.45,2.47,2.32,3.28,3.04,1.39,1.29,6.28,6.41
2149,2,1,6.89,7.06,4.25,4.04,2.65,2.95,3.44,3.5,1.33,1.29,7.62,7.85
2149,3,1,6.81,7.02,4.71,4.61,2.49,2.66,3.32,3.28,1.33,1.2,7.47,7.3
2150,1,1,7.21,7.22,4.29,4.43,2.39,2.18,1.61,1.71,1.43,1.59,6.34,6.59
2150,2,1,7.56,7.42,4.29,4.53,2.46,2.62,1.65,1.56,1.5,1.62,7.68,8
2150,3,1,7.71,7.63,4.5,4.48,2.72,2.45,2.01,1.69,1.53,1.49,7.77,7.71
2160,1,1,6.98,7.03,4.27,4.14,2.6,2.62,3.49,3.41,1.11,1.18,6.99,6.88
2160,2,1,6.99,6.94,3.98,3.8,2.88,2.95,3.59,3.69,1.21,1.21,8.02,7.9
2160,3,1,6.58,6.72,4.13,4.23,2.82,2.68,3.62,3.72,1.14,1.11,7.23,7.26
2169,1,1,6.63,6.68,4.34,4.11,2.57,2.46,3.48,3.67,1.25,1.41,6.62,6.22
2169,2,1,6.94,7.01,4.25,4.4,3.04,3.17,3.32,3.35,1.34,1.29,7.79,7.56
2169,3,1,6.95,7.08,4.17,4.3,2.95,3.13,3.52,3.58,1.48,1.34,7.15,7.09
2170,1,1,7.11,6.95,4.12,4.23,1.73,2.04,1.44,1.49,1.18,1.23,6.08,6.08
2170,2,1,7.16,7.31,3.87,4.07,3.01,2.26,1.25,1.55,1.4,1.32,8.36,8.36
2170,3,1,7.4,7.21,4.05,3.98,2.7,2.16,1.53,1.45,1.33,1.18,7.85,7.78
2189,1,1,5.97,5.95,3.39,2.87,1.98,1.59,2.77,2.64,0.9,0.9,6.38,6.47
2189,2,1,5.73,5.8,3.96,3.69,2.64,1.99,2.72,2.92,0.68,0.86,7.64,7.89
2189,3,1,6.43,6.53,3.32,2.95,1.5,1.4,2.99,2.84,1.1,1.1,5.62,5.94
2190,1,1,7.24,7.22,4.44,4.54,2.28,2.32,3.58,3.46,1.61,1.34,6.63,6.81
2190,2,1,7.46,7.4,4.65,4.56,3.14,3.01,3.54,3.57,1.64,1.7,7.73,7.51
2190,3,1,7.74,7.63,4.7,4.58,2.98,3.1,3.66,3.66,1.5,1.55,7.43,7.7
2199,1,1,5.73,5.95,4.01,3.95,2.06,2.02,1.56,1.42,0.92,0.88,5.81,5.92
2199,2,1,6.23,6.16,4.18,4.18,2.19,2.41,1.66,1.81,0.76,0.83,6.8,7.19
2199,3,1,6.22,6.45,4.05,3.82,2.61,2.02,1.55,1.45,0.86,0.8,6.91,7.31
2383,1,1,5.17,4.68,4.33,4.14,2.07,2.09,2.63,2.72,0.85,0.96,5.65,5.5
2383,2,1,6.38,6.86,4.14,4.11,2.87,3.16,3.29,3.04,1.09,1.09,6.93,7.02
2383,3,1,5.89,5.84,3.97,4.11,2.98,2.99,2.86,2.86,0.73,0.75,6.46,6.38
2384,1,1,7.16,7.19,4.5,4.5,2.23,2.66,3.38,3.59,1.73,1.45,6.35,6.32
2384,2,1,7.07,6.92,3.93,4,3.03,2.8,3.29,3.61,1.41,1.63,7.23,7.71
2384,3,1,7.23,7.25,4.77,4.68,3.07,3.12,3.7,3.7,1.6,1.65,7.65,7.38
2385,1,1,6.93,6.89,4.3,4.36,1.8,1.75,3.48,3.41,1.44,1.33,6.35,6.64
2385,2,1,6.89,6.93,4.32,4.15,1.85,1.96,3.48,3.47,1.51,1.61,7.87,7.44
2385,3,1,7.02,7.2,4.03,4.07,1.96,2,3,2.96,1.21,1.26,7.46,7.28
2386,1,1,6.17,5.82,4.26,4.03,2.48,2.48,3.36,3.44,1.55,1.6,5.29,4.98
2386,2,1,6.48,6.25,2.86,2.71,2.93,3.02,2.93,3.11,0.95,1.2,6.44,6.61
2386,3,1,6.17,6.33,2.92,2.92,2.84,2.48,2.96,2.91,1.2,1.22,6.16,6.12
2388,1,1,6.62,6.68,3.64,3.64,2.16,2.6,2.89,2.82,1.07,0.79,4.92,5.03
2388,2,1,6.19,6.3,3.62,3.52,2.27,2.16,2.82,3.02,1.1,0.93,7.32,6.68
2388,3,1,6.32,6.15,4,4.18,2.9,2.79,2.79,2.66,0.82,0.82,6.53,5.62
2407,1,1,7.06,7.35,3.9,4.45,2.25,2.14,3.36,3.43,0.93,0.85,5,5.11
2407,2,1,6.52,6.49,4.16,3.62,1.82,1.95,3.79,3.58,0.94,0.76,7.3,7.36
2407,3,1,6.63,6.69,4.4,4.23,2.1,1.89,2.88,2.8,1.15,1.05,7.41,7.08
2408,1,1,7.37,7.2,4.5,4.48,2.41,2.64,3.66,3.5,1.54,1.57,6.13,5.94
2408,2,1,7.39,7.16,4.23,4.23,3.03,3.26,3.66,3.45,1.57,1.52,8.01,8.05
2408,3,1,7.23,7.35,4.3,4.26,2.95,2.73,3.35,3.35,1.4,1.57,7.12,7.53
2122,1,1,7.08,7.12,4.6,4.36,2.43,2.36,1.49,1.71,1.08,1.23,8.28,8.14
2122,2,1,7.34,7.17,4.86,4.68,2.35,2.39,1.11,1.17,1.14,0.95,8.32,8.46
2122,3,1,7.06,7.18,4.8,4.36,2.44,2.3,2.18,1.96,0.99,1.04,8.16,7.93
2119,1,1,6.23,6.14,4.27,4.29,2.16,2.22,1.14,1.25,0.98,1.09,5.61,5.54
2119,2,1,6.51,6.6,3.68,3.88,2.44,2.42,1.31,1.45,1,1.05,7.11,7.41
2119,3,1,6.88,6.57,3.96,4.06,2.38,2.27,1.15,1.14,1.05,1.13,6.96,7.13
2111,1,1,6.52,6.9,4.37,4.49,2.77,2.81,3,3.14,1.46,1.17,6.02,6.12
2111,2,1,6.8,6.77,4.18,4.18,3.34,3.09,3.29,3.1,1.59,1.43,6.99,7.53
2111,3,1,7.12,7.11,4.33,4.28,3.19,2.91,3.11,3.08,1.4,1.31,6.94,7.19
2002,1,1,7.2,7.15,4.16,4.03,3.13,3.21,3.5,3.6,1.27,1.4,8.5,8.5
2002,2,1,7.09,6.86,4.34,4.29,3.11,3.19,3.4,3.67,1.27,1.35,7.7,7.64
2002,3,1,6.71,7.04,4.23,3.97,2.97,2.84,3.53,3.71,1.45,1.1,6.86,6.9
2120,1,1,6.03,6.03,3.65,4.08,1.89,1.88,1.4,0.97,0.93,0.97,4.97,4.81
2120,2,1,5.87,5.89,3.99,4.04,2.25,2.09,0.76,0.92,1.02,0.94,6.62,6.83
2120,3,1,6.33,6.28,3.78,4.22,2.27,2.32,1.3,1.16,0.94,1.03,7,6.67
21,1,1,7.78,7.87,4.28,4.28,2.35,2.3,1.36,1.71,1.63,1.52,8.5,8.5
21,2,1,7.56,7.65,4.24,4.25,2.47,2.27,1.61,1.58,1.64,1.56,8.5,8.5
21,3,1,7.55,7.35,4.4,4.36,2.42,2.41,1.91,1.91,1.69,1.56,7.81,8.03
87,1,1,7.4,7.21,3.98,4.28,2.35,2.35,3.73,3.7,1.53,1.51,8.5,8.5
87,2,1,7.59,7.6,4.51,4.48,2.36,2.36,4.07,4.22,1.43,1.61,8.29,8.29
87,3,1,7.65,7.88,4.47,4.03,2.5,2.52,3.83,3.86,1.47,1.46,7.7,7.73
467,1,1,7.93,7.8,4.47,4.46,2.37,2.58,1.44,1.63,1.63,1.59,7.03,7.27
467,2,1,7.79,7.88,4.47,4.68,2.62,2.73,1.35,1.27,1.62,1.48,8.5,8.5
467,3,1,7.62,7.83,4.35,4.35,2.52,2.41,1.6,1.45,1.51,1.56,8.33,7.89
558,1,1,7.19,7.22,4.63,4.64,1.97,1.77,0.82,0.85,1.5,1.37,6.53,6.6
558,2,1,7.22,7.22,4.58,4.49,2.2,2.35,0.93,1.03,1.51,1.43,8.5,8.5
558,3,1,7.44,7.28,4.65,4.46,2.41,2.55,0.88,0.82,1.13,1.07,7.21,7.21
581,1,1,7.41,7.38,4.81,4.85,2.93,2.96,3.52,3.45,1.34,1.29,7.01,6.99
581,2,1,7.96,8,4.53,4.75,3.39,3.39,3.38,3.28,1.27,1.33,8.5,8.5
581,3,1,7.93,7.7,4.75,4.88,3.38,3.51,3.55,3.58,1.35,1.27,7.96,8.07
H-01,1,1,7.75,7.59,4.78,4.59,2.54,2.46,3.32,3.42,1.71,1.84,7.18,7.15
H-01,2,1,7.31,7.23,4.57,4.57,2.82,2.93,3.7,3.58,1.73,1.7,8,8.02
H-01,3,1,7.62,7.55,4.59,4.79,3.03,3.1,3.9,3.76,1.78,1.67,8.06,8.22
H-03,1,1,7.39,7.39,4.52,4.46,3.09,3.17,3.46,3.42,1.5,1.5,8.5,8.5
H-03,2,1,7.48,7.59,4.37,4.55,2.83,3.1,3.99,3.91,1.6,1.6,7.97,8.11
H-03,3,1,7.65,7.71,4.58,4.7,2.94,3.17,3.64,3.74,1.49,1.57,7.43,7.67
419,1,1,653,6.57,3.32,3.27,2.18,2.12,3.51,3.42,1.16,1.04,6.78,6.79
419,2,1,7.64,7.67,4.23,4.12,2.61,2.43,4.46,4.39,1.54,1.55,8.26,7.99
419,3,1,7.27,7.4,3.69,3.67,2.34,2.43,3.89,3.94,1.34,1.24,8.02,8.37
78-02,1,1,7.71,7.48,4.42,4.45,2.79,2.46,3.55,3.63,1.51,1.44,8.26,8.26
78-02,2,1,7.79,7.66,4.32,4.17,2.81,2.74,3.82,3.8,1.52,1.52,8.29,8.47
78-02,3,1,7.76,7.68,4.5,3.99,2.66,2.64,4.07,4.13,1.6,1.58,7.66,7.7
1026,1,1,6.91,6.91,3.98,4.05,2.69,2.48,3.47,3.53,1.32,1.3,7.41,7.5
1026,2,1,6.86,6.93,3.96,3.99,3.24,3.07,3.21,3.22,1.09,1.13,7.56,7.74
1026,3,1,7.08,6.85,4.18,4.15,2.66,2.64,3.21,2.85,0.93,1.23,7.9,7.56
1027,1,1,6.41,6.29,4.27,4.51,2.71,2.69,2.58,2.7,1.22,1.22,6.24,6.18
1027,2,1,7.17,7.11,4.26,4.43,2.65,2.94,3.01,3.13,1.19,1.22,7.64,7.62
1027,3,1,6.91,6.85,4.3,4.37,3.01,2.84,3.04,3.23,1.28,1.37,7.44,7.12
1029,1,1,7.2,7.44,4.66,4.54,2.31,2.36,3.57,3.51,1.65,1.49,6,6.11
1029,2,1,7.12,7.07,4.54,4.38,3.09,2.99,3.57,3.47,1.63,1.63,7.77,7.67
1029,3,1,7.33,7.33,4.57,4.47,2.99,2.85,3.6,3.54,1.54,1.58,7.49,7.43
8,1,1,7.11,7.3,4.53,4.45,2.13,2.14,3.54,3.38,1.4,1.44,6.92,6.96
8,2,1,7.57,7.32,4.31,4.49,2.35,2.42,3.83,3.96,1.39,1.47,8.13,8.11
8,3,1,6.94,7.03,4.74,3.83,1.9,1.81,3.9,3.75,1.37,1.23,7.9,8.05
118,1,1,7.08,7.36,3.63,3.9,1.93,1.82,3.33,3.44,1.47,1.73,6.6,6.46
118,2,1,7.52,7.52,3.84,3.47,2.91,2.37,3.31,3.05,1.38,1.23,8.25,8.06
118,3,1,7.14,7.14,3.99,4.34,2.1,2.31,3.79,3.66,1.44,1.27,7.64,7.61
1,1,1,,,,,,,,,,,,
1,2,1,,,,,,,,,,,,
1,3,1,,,,,,,,,,,,
20,1,1,,,,,,,,,,,,
20,2,1,,,,,,,,,,,,
20,3,1,,,,,,,,,,,,
54C,1,2,6.49,6.3,4.75,4.59,2.45,2.48,3.19,3.25,1.68,1.63,7.6,7.81
54C,2,2,6.42,6.55,4.71,4.59,2.43,2.6,3.15,3.3,1.81,1.6,7.72,7.72
54C,3,2,6.42,6.49,4.6,4.41,2.41,2.41,3.17,3.12,1.64,1.56,7.58,7.55
65B,1,2,6.18,6.25,3.65,3.73,3.13,3.27,3.19,2.99,1.18,1.2,7.84,7.78
65B,2,2,6.79,6.89,4,3.7,3.36,3.25,3.31,3.24,1.25,1.28,7.91,7.96
65B,3,2,6.89,6.72,4.18,3.97,3.09,3.49,3.13,3.34,1.15,1.15,7.6,7.33
51C,1,2,6.37,6.37,3.98,4.19,2.5,2.47,1.52,1.37,1.55,1.33,7.57,7.49
51C,2,2,6.47,6.39,4.08,4.13,2.71,2.62,1.53,1.54,1.42,1.6,7.49,7.49
51C,3,2,6.64,6.55,4.39,4.26,2.49,2.52,1.39,1.36,1.51,1.53,7.16,6.87
71B,1,2,7.31,7.45,4.35,4.41,2.01,2.25,2.88,2.6,1.56,1.42,8.03,8.21
71B,2,2,7.3,7.17,4.47,4.36,1.96,2.06,2.77,3.02,1.6,1.54,7.81,8.11
71B,3,2,7.31,7.33,4.33,4.24,2.11,2.14,2.75,2.84,1.49,1.41,7.76,7.78
26,1,2,6.93,6.63,3.98,3.87,2.87,2.86,3.31,3.21,1.32,1.36,7.82,7.68
26,2,2,6.99,7.08,3.79,3.98,2.98,3.03,3.33,3.25,1.25,1.19,7.62,7.68
26,3,2,6.87,6.98,4.02,4.26,3.11,3.19,3.14,3.04,1.25,1.13,7.67,7.77
64D,1,2,7.31,6.86,4.35,4.07,2.07,2.09,0.74,0.66,1.4,1.47,7.5,7.15
64D,2,2,7.34,7.31,4.03,3.91,2,1.89,0.69,0.64,1.04,1.15,7.31,7.25
64D,3,2,6.84,7.11,4.14,4.2,1.67,2.32,0.64,0.69,1.15,1.19,6.94,7.05
53B,1,2,6.7,6.95,4.44,4.28,2.54,2.71,1.46,1.52,1.36,1.41,7.65,7.79
53B,2,2,6.35,6.24,4.29,4.38,2.54,2.76,1.75,1.94,1.38,1.37,6.66,6.95
53B,3,2,5.94,6.1,3.92,4.23,2.4,2.51,1.79,1.51,1.42,1.38,7.18,7.27
60A,1,2,7.35,7.16,4.69,4.14,3.15,2.85,2.82,2.75,1.27,1.32,7.98,7.88
60A,2,2,7.02,6.89,4.11,3.82,2.8,3.02,3.22,3.21,1.32,1.38,8.11,8
60A,3,2,6.29,6.18,4.14,4.14,2.88,3.24,2.54,2.55,1.32,1.19,7.19,7.63
274,1,2,6.78,7.15,4,4.2,2.34,2.29,0.1,0.1,1.08,0.88,6.84,6.93
274,2,2,7.18,7.03,4.95,4.84,2.19,2.25,0.62,0.68,1.17,1.23,7.2,6.9
274,3,2,6.9,7.1,4.51,4.23,2.6,2.63,0.15,0.15,1.18,1.16,6.8,6.61
307,1,2,7.32,7.24,4.18,4.2,2.63,2.57,2.7,2.8,1.44,1.39,7.87,7.71
307,2,2,7.04,7.17,4.63,4.57,2.91,2.76,3.2,3.28,1.4,1.32,7.97,8.05
307,3,2,7.61,7.66,4.19,4.4,2.66,3.04,3.22,3.16,1.35,1.28,8.08,7.83
456,1,2,5.55,5.4,3.69,3.46,3.05,2.46,2.36,2.18,0.97,0.85,6.11,6.15
456,2,2,5.87,6.23,4.14,4.06,3.63,3.25,2.27,2.33,1.09,1.09,6.53,6.44
456,3,2,6.45,6.48,3.91,3.65,3.34,3.1,2.27,1.95,1.14,1.06,6.74,6.43
478,1,2,5.32,5.51,3.16,3.21,2.99,2.26,2.31,2.44,1.07,1,5.62,5.68
478,2,2,5.79,5.65,3.03,2.58,2.61,2.25,2.54,2.36,0.9,0.95,6.11,5.96
478,3,2,5.9,5.85,3.12,3.3,2.92,2.6,2.45,2.36,0.82,0.77,5.16,4.69
479,1,2,6.01,5.78,4.06,3.94,3.35,3.13,2.93,3.14,1.13,1.26,5.75,5.56
479,2,2,6.23,6.18,4.32,4.37,3.38,3.54,2.64,2.55,1.06,0.95,7.18,7.12
479,3,2,7.36,7.08,3.49,3.35,3.03,2.89,2.74,2.68,1.43,1.26,7.65,7.4
482,1,2,7.58,7.47,4.78,4.57,2.01,1.97,3.4,3.23,1.02,1.15,7.74,7.49
482,2,2,7.5,7.59,4.2,3.99,1.93,1.99,3.46,3.6,0.97,0.97,7.81,7.81
482,3,2,7.19,7.01,4.33,4.69,2.16,2,2.99,2.96,1.1,0.88,6.82,7.18
504,1,2,5.92,5.95,4.11,4.23,2.52,2.11,2.85,2.69,0.86,0.66,7.42,7
504,2,2,6.54,6.44,4.04,3.92,2.64,2.56,2.91,2.71,1.33,0.92,6.93,7.22
504,3,2,6.6,6.5,3.86,3.57,2.71,2.38,3.2,3.2,1.16,1.27,7.39,6.84
505,1,2,5.83,6.49,3.75,3.72,2.34,2.34,3.04,3.17,1.15,1.15,7.55,7.72
505,2,2,6.49,6.47,3.59,3.3,2.41,2.14,3.22,3.19,0.81,0.87,7.31,7.42
505,3,2,6.76,7.04,4.08,4.07,2.67,2.49,3.35,3.35,1.33,1.11,7.28,7.3
698,1,2,6.82,7,4.19,4.41,2.13,2.48,3.27,3.32,1.03,1.44,7.15,7.15
698,2,2,7.04,7.22,4.46,4.46,3.08,3.06,3.06,2.94,1.52,1.52,7.82,7.45
698,3,2,7.41,7.36,4.24,4.1,3.33,3.22,2.84,2.84,1.44,1.32,8.09,8.09
699,1,2,6.71,6.67,4.17,4.01,2.41,2.32,3.08,2.81,1.19,1.27,7.4,7.48
699,2,2,6.91,7.02,3.8,3.75,2.06,2.19,3.02,2.8,1.43,1.32,7.53,7.76
699,3,2,6.46,6.68,3.91,3.76,2.16,1.91,2.81,2.85,1.22,1.12,7.38,7.51
710,1,2,7.03,7.02,4.07,4.19,2.17,2.07,1.51,1.41,1.17,1.07,7.82,7.71
710,2,2,6.59,6.54,3.51,3.9,2.08,2.23,1.33,1.37,1.14,1.38,7.76,7.89
710,3,2,6.91,6.87,4.16,4.26,2.2,2.36,1.63,1.46,1.34,0.97,7.88,7.74
711,1,2,7.07,7.13,3.97,3.86,2.55,2.82,0.97,0.76,1.31,1.36,7.06,6.93
711,2,2,6.35,6.26,4.01,4.13,2.54,2.86,1.09,0.92,1.17,1.09,7.22,7.31
711,3,2,6.59,6.68,3.24,3.34,3,2.87,0.9,1.16,1.37,1.18,7.86,7.89
724,1,2,6.36,6.36,3.64,3.72,2.18,2.61,0.81,0.95,1.29,1.26,6.72,7.17
724,2,2,6.46,6.4,2.43,2.21,2.77,2.59,0.89,1.1,1.46,1.4,7.18,7.68
724,3,2,6.67,6.38,3.35,3.26,2.82,2.59,0.91,1.1,1.28,1.04,8.08,7.68
725,1,2,6.02,6.11,3.06,3.62,2.55,2.45,1.28,1.39,1.25,1.31,7.16,6.75
725,2,2,6.09,5.89,3.33,3.7,3.01,3.05,0.78,1.02,1.34,1.37,7.32,7.19
725,3,2,6.57,6.59,2.78,2.14,2.86,2.53,1.03,0.96,1.32,1.33,7.82,7.76
731,1,2,6.97,7.12,3.99,4.15,2.3,2.37,1.59,1.48,1.43,1.32,8.11,8.2
731,2,2,7.24,7.27,4.15,4.2,2.38,2.49,1.57,1.81,1.36,1.58,8.34,8.05
731,3,2,6.6,6.45,4.1,3.91,2.54,2.54,1.35,1.56,1.39,1.27,7.73,8.02
732,1,2,6.9,6.42,3.03,3.4,2.42,1.9,2.78,2.69,1.16,1.18,6.9,7.34
732,2,2,6.19,6.48,3.44,3.52,2.64,2.45,2.77,2.73,1.42,1.15,6.27,6.23
732,3,2,5.81,5.88,2.26,4.28,2.37,2.52,3.19,3,1.52,1.47,6.78,6.54
738,1,2,6.54,6.41,3.68,4.16,1.8,2.28,1.4,1.51,1.18,1.41,7.71,7.33
738,2,2,6.87,6.7,3.33,3.43,2.11,1.81,1.08,1.11,1.15,1.22,7.68,7.86
738,3,2,6.65,6.43,3.43,3.19,1.81,1.99,1.07,1.06,0.97,0.9,7.54,7.51
739,1,2,6.51,6.69,3.88,3.86,2.84,2.2,2.97,2.92,1.32,1.36,6.86,6.65
739,2,2,6.36,6.75,3.57,3.86,2.72,2.57,2.8,3.01,1.07,1.05,7.94,7.74
739,3,2,6.19,6.89,2.85,2.53,2.61,2.2,2.92,2.88,1.23,1.44,7.01,6.48
746,1,2,6.82,7,3.87,4,2.78,2.47,0.96,0.99,1.52,1.41,6.95,7.03
746,2,2,6.92,6.92,3.89,3.79,2.69,2.92,1.01,0.92,1.46,1.28,7.62,7.24
746,3,2,6.73,6.42,4,4.02,2.8,3.02,0.8,0.9,1.3,1.4,7.58,7.04
751,1,2,6.77,6.89,3.87,3.94,2.27,2.21,1.34,1.46,0.89,1.12,7.06,7.24
751,2,2,6.42,6.42,3.48,3.45,2.02,1.61,1.46,1.13,1.25,1.15,6.39,6.62
751,3,2,6.67,6.8,4.08,4.05,2.05,1.93,1.11,0.83,0.96,0.89,7.53,7.53
752,1,2,7.01,6.66,4.35,4.14,2.26,1.99,1.39,1.42,1.12,1.37,6.98,7.08
752,2,2,6.02,6.12,3.52,3.71,1.99,2.24,1.43,1.33,0.76,0.94,6.76,6.6
752,3,2,5.51,5.62,3.65,3.85,2.44,2.29,1.37,1.77,0.96,0.98,5.92,6.04
753,1,2,6.37,6.54,3.74,3.57,1.95,1.93,0.66,0.65,1.51,1.36,6.48,6.55
753,2,2,6.49,6.5,4.3,4.04,2.75,1.93,0.71,0.64,1.26,1.21,6.9,6.75
753,3,2,6.23,6.17,4.01,3.82,2.63,2.18,0.61,0.68,1.2,1.32,6.77,6.74
755,1,2,6.33,6.07,3.39,3.38,2.06,2.27,1.4,1.47,1.24,1.19,6.1,6.14
755,2,2,6.26,6.16,3.33,3.55,1.86,1.76,1.27,1.24,1.29,1.09,6.92,7.69
755,3,2,5.49,5.95,3.29,3.41,2.28,1.89,1.14,0.93,1.03,1.13,6.9,7.09
756,1,2,6.24,6.06,3.86,3.91,2.64,2.7,2.81,2.84,1.29,1.15,7.72,7.6
756,2,2,6.5,6.62,3.98,3.84,2.61,2.66,2.77,2.95,0.99,1.07,7.66,7.56
756,3,2,6.24,6.24,3.77,4.01,2.97,2.82,2.88,2.74,1.2,1.29,6.99,7.32
757,1,2,7.37,7.55,4.66,4.61,2.79,2.76,3.06,3.11,1.26,1.32,8.21,7.88
757,2,2,7.35,7.13,4.4,4.35,2.89,2.78,2.81,2.84,1.23,1,8.29,8.13
757,3,2,6.66,6.66,3.68,3.68,2.93,2.87,2.49,2.41,1,1.2,8.01,7.71
764,1,2,6.32,6.67,3.94,3.84,2.8,2.92,3,3.25,0.92,0.82,7.45,7.73
764,2,2,6.69,6.83,4.03,3.87,2.36,2.91,2.91,2.84,1.06,1.11,7.85,7.21
764,3,2,6.52,6.82,3.19,2.82,3.13,3.1,2.87,2.95,1.21,1.26,6.85,6.56
765,1,2,7.18,6.98,4.07,4.15,2.63,2.86,0.87,0.97,1.5,1.36,7.77,7.82
765,2,2,7.41,7.19,3.97,4.56,2.68,2.68,0.76,0.92,1.24,1.19,7.69,7.75
765,3,2,6.33,6.51,4.19,4.11,2.79,2.63,0.83,0.92,1.3,1.4,7.32,7.11
771,1,2,7.22,7.18,3.94,4.08,2.7,2.98,3.1,3.09,1.33,1.22,7.56,8.16
771,2,2,7.08,6.95,4.09,4.12,2.61,2.62,2.89,2.76,0.98,1.08,8.1,8.18
771,3,2,6.12,6.12,4.04,3.87,3.05,2.92,2.45,2.28,0.99,1.19,7.25,6.39
772,1,2,6,6,1.75,1.77,2.66,2.73,2.4,2.23,1.44,1.27,5.98,6.82
772,2,2,6.19,6.52,3.83,3.56,2.72,2.64,2.8,2.85,1.43,1.16,7.23,7.17
772,3,2,6.1,5.91,2.92,2.62,2.28,2.76,2.5,2.47,1.38,1.13,7.45,7.34
786,1,2,7.11,7.19,4.33,4.1,2.37,2.32,3.47,3.53,1.39,1.29,8.02,7.72
786,2,2,7.09,7.09,4.21,4.09,2.26,2.39,3.36,3.4,1.26,1.09,7.86,7.77
786,3,2,6.64,6.3,4.04,4,2.7,2.55,3.19,3.09,1.22,1.32,7.28,6.77
787,1,2,7.08,7.04,4.21,4.37,3.39,2.91,2.37,2.22,1.2,1.07,7.6,7.72
787,2,2,7.12,7.25,4.31,4.35,3.23,3.24,2.2,2.15,1.34,1.21,8.02,7.55
787,3,2,5.87,6.29,4.06,4.24,3.52,3.38,2.55,2.16,1.37,1.34,6.35,6.62
811,1,2,7.01,7.25,4.78,4.59,2.12,1.914,3.65,3.74,1.17,1.17,7.89,7.95
811,2,2,7.02,7.43,4.44,4.35,2.41,2.31,3.82,3.57,1.09,1.18,7.73,7.8
811,3,2,7.04,6.68,4.06,3.74,2.28,2.05,3.62,3.51,1.07,1.02,7.73,7.46
812,1,2,7.46,7.5,4.5,4.26,1.99,2.07,3.57,3.6,1.08,1,7.73,7.63
812,2,2,7.02,7.27,4.16,4,2.23,2.14,3.71,3.54,1.35,1.26,7.48,7.37
812,3,2,7.59,7.51,4.42,4.42,2.28,2.23,3.45,3.57,1.18,1.31,7.55,7.75
813,1,2,6.78,6.8,4.46,4.33,3.14,3.05,2.94,2.94,1.34,1.31,7.21,7.6
813,2,2,6.94,6.91,3.96,4.05,3.06,2.9,3.12,2.99,1.3,1.24,7.22,7
813,3,2,6.67,6.59,4.05,4.18,3.05,2.88,3.09,3.12,1.36,1.45,7.32,7.24
814,1,2,7.19,6.95,3.45,3.07,2.99,2.95,3.33,3.22,1.45,1.44,7.51,7.21
814,2,2,6.51,6.61,4.22,4.1,3.12,3.08,3.06,2.95,1.24,1.27,7.36,7.55
814,3,2,6.69,6.53,3.27,3.6,2.77,3.14,2.63,2.77,1.22,1.26,7.3,6.88
817,1,2,7.34,7.26,4.28,4.16,2.56,2.3,3.43,3.49,1.16,1.26,7.97,8.04
817,2,2,7.55,7.26,4.45,4.5,2.32,2.38,3.27,3.35,1.23,1.28,8.35,7.98
817,3,2,7.23,6.93,3.83,3.83,2.61,2.46,3.28,3.26,1.28,1.34,7.82,7.54
818,1,2,6.99,7.16,4.14,4.22,2.82,3.01,3.05,3.05,1.13,1.29,7.87,7.79
818,2,2,6.72,6.95,4.53,4.27,2.94,2.92,3.03,3.18,1.36,1.32,7.57,7.7
818,3,2,5.73,5.75,4.16,4.16,3.22,3.11,2.62,2.63,1.17,0.96,7.87,7.64
824,1,2,6.41,6.05,3.72,3.94,2.26,2.03,1.51,1.45,1.3,1.19,6.66,6.86
824,2,2,6.81,6.82,3.75,3.75,2.43,1.98,1.3,1.38,1.04,1.09,7.32,7.63
824,3,2,6.08,6.07,4.27,4.1,2.18,2.3,1.26,1.35,1.13,1.08,6.9,6.13
838,1,2,6.94,6.86,4.35,4.19,2.92,2.68,3.02,3.21,1.26,1.27,6.96,6.78
838,2,2,7.42,7.32,3.99,3.99,2.97,3.16,3.07,2.97,1.41,1.47,6.54,6.42
838,3,2,7.18,7.01,4.2,4.7,2.89,3.24,3.03,2.93,1.25,1.2,7.06,7.39
851,1,2,6.61,6.59,3.62,3.55,2.08,2.11,3.38,3.6,1.16,1.1,7.15,7.4
851,2,2,6.88,6.54,3.22,3.02,2.04,1.6,3.23,3.11,1.12,0.99,7.09,7.26
851,3,2,6.25,6.5,3.4,3.05,2.23,2.06,2.96,3.13,0.95,1.21,7.32,7.4
852,1,2,6.13,6.25,4.34,4.18,3.23,3.24,2.99,2.9,1.36,1.25,6.86,6.93
852,2,2,6.49,6.41,3.96,3.96,3.05,3.05,2.8,2.56,0.85,1.02,7.17,6.99
852,3,2,6.44,6.65,3.89,3.67,3,3.12,2.53,2.49,1.12,1.09,7.17,6.91
853,1,2,7.02,7.33,4.27,4.17,2.88,3.1,2.9,2.9,1.31,1.09,8.12,7.94
853,2,2,6.92,7.04,4.48,4.53,3.03,2.97,2.62,2.52,1.52,1.2,7.72,7.87
853,3,2,6.23,6.19,3.55,3.7,3.4,3.2,2.52,2.53,1.18,1.1,7.93,7.73
854,1,2,5.71,6.09,3.03,3.25,2.18,2.22,0.86,1.07,1.14,1.11,6.64,6.8
854,2,2,6.35,6.35,3.55,3.55,2.1,2.19,0.95,1,1.1,1.14,7.28,7.45
854,3,2,6.1,6.26,3.48,3.89,2.21,2.27,0.88,1.14,1.03,1.01,7.26,7.38
855,1,2,6.96,7.17,3.34,3.24,2.5,2.67,2.61,2.5,1.2,1.2,6.98,6.27
855,2,2,6.08,6.04,3.23,3.09,3.33,2.99,3,2.84,1.2,1.29,7.64,6.78
855,3,2,6.23,5.8,1.69,1.64,2.49,2.52,2.19,2.22,1.05,1.16,6.66,6.4
858,1,2,7.07,7.26,3.8,3.92,2.15,2.05,1.4,1.26,1.43,1.34,7.9,7.72
858,2,2,6.94,6.68,3.4,3.24,2.3,2.22,1.23,1.17,1.65,1.62,7.74,8.05
858,3,2,6.52,6.52,3.9,3.93,2.4,2.55,1.27,1.17,1.14,1.26,7.5,7.46
859,1,2,6.3,6.12,2.37,2.54,1.74,2.16,1.28,1.28,1.3,1.24,6.97,6.93
859,2,2,6.6,6.45,3.95,4.11,1.86,1.86,1.61,1.64,1.01,1.08,7.76,7.76
859,3,2,5.97,5.97,2.71,2.62,1.77,1.88,1.4,1.62,1.39,1.1,6.73,6.05
860,1,2,6.57,6.79,3.69,3.57,2.24,2.24,1.37,1.37,1.45,1.37,7.35,6.96
860,2,2,6.68,6.56,3.98,4.04,2.2,2.28,1.51,1.35,1.27,1.5,7.51,7.2
860,3,2,6.62,6.49,3.21,3.85,2.21,2.14,1.39,1.44,1.31,1.33,6.43,7.43
861,1,2,6.86,6.74,4.33,4.25,2.04,1.97,1.85,2.13,1.43,1.55,6.9,7.12
861,2,2,6.85,6.8,4,4.16,2.17,2.22,1.58,1.58,1.47,1.32,7.75,6.99
861,3,2,6.93,6.72,4.27,4.05,2.12,1.99,1.35,1.39,1.33,1.16,7.15,6.98
862,1,2,6.5,6.56,4.16,4.09,2.44,2.24,1.62,1.59,1.17,1.17,6.74,6.38
862,2,2,6.54,6.43,3.49,3.34,2.1,2.33,1.5,1.5,0.96,0.83,7.14,7.18
862,3,2,6.22,5.91,3.04,2.93,2.02,2.35,1.43,1.4,1.17,1.19,6.25,6.57
867,1,2,6.45,6.67,3.76,3.86,2.19,2.26,1.78,1.79,1.2,1.27,6.86,7
867,2,2,7.05,6.95,3.92,3.96,2.22,2.17,1.47,1.55,1.15,1.31,7.82,7.65
867,3,2,6.28,6.51,3.9,3.74,2.31,2.19,1.4,1.37,1.48,1.14,7.61,7.3
870,1,2,6.95,6.72,3.88,3.94,2.56,2.43,1.4,1.31,0.96,1.2,7.54,7.32
870,2,2,6.22,6.5,3.82,3.87,2.27,2.37,1.67,1.37,1.38,1.34,7.55,7.51
870,3,2,6.95,7.16,4.29,4.08,2.22,2.24,1.26,1.56,1.42,1.33,7.88,7.4
871,1,2,6.7,6.79,3.65,4.13,2.58,2.43,1.18,1.1,1.62,1.46,7.79,7.76
871,2,2,6.32,6.31,4.02,4.19,2.58,2.68,1.35,1.48,1.52,1.74,8.02,7.64
871,3,2,6.66,6.51,3.64,3.42,2.54,2.38,1.31,1.15,1.34,1.32,7.54,7.62
877,1,2,7.23,7.42,3.74,3.79,2.26,2.57,3.25,3.16,1.49,1.39,8,7.72
877,2,2,6.86,6.89,3.44,3.32,2.23,2.71,3.32,3.52,1.5,1.49,8.21,8.09
877,3,2,7.09,7.29,2.2,1.93,2.84,2.85,2.86,3.03,1.48,1.6,7.48,7.12
878,1,2,7.32,7.32,4.12,4.3,2.51,2.45,1.17,1,1.69,1.75,8.01,7.8
878,2,2,7.57,7.52,4.21,4.14,2.38,2.38,1.05,1.23,1.63,1.61,8.18,8.18
878,3,2,7.52,7.7,4.17,4.13,2.5,2.4,1.24,1.19,1.64,1.62,8.12,8.04
884,1,2,7.18,6.98,3.69,3.77,2.06,2.55,1.43,1.34,1.43,1.13,8.01,8.01
884,2,2,6.37,6.75,3.76,3.82,2.2,2.05,1.41,1.41,1.21,1.32,7.6,7.61
884,3,2,6.73,6.48,3.76,3.7,2.19,2.24,1.06,1.24,1.4,1.6,6.94,7.56
885,1,2,4.27,6.89,4.15,4.21,2.59,2.07,2.96,2.66,1.2,0.88,7.36,7.66
885,2,2,6.29,6.33,3.35,3.53,2.09,2.41,3.16,3.12,1.34,1.51,6.78,5.92
885,3,2,6.87,6.79,4.48,3.93,2.28,2.15,2.86,3.03,1.7,1.95,7.46,7.19
891,1,2,7.26,7.25,4.41,4.53,3.44,3.36,2.97,2.81,1.49,1.49,7.51,7.53
891,2,2,7.37,7.26,4.53,4.65,3.29,3.22,3.6,3.49,1.7,1.56,7.46,7.22
891,3,2,6.9,6.78,4.24,4.39,3.34,3.3,3.39,3.42,1.17,1.44,7.72,7.59
892,1,2,6.27,6.11,4.05,4.05,2.76,2.86,3.62,3.56,1.68,1.73,7.45,7.41
892,2,2,6.36,6.38,3.58,3.81,2.9,2.9,3.92,3.99,1.82,1.76,7.14,6.97
892,3,2,6.21,6.47,3.41,3.51,2.84,2.89,3.21,3.53,1.34,1.39,6.94,7.18
896,1,2,6.49,6.54,3.8,3.96,2.96,2.92,2.99,3.05,1.34,1.4,8,7.54
896,2,2,6.46,6.19,3.9,3.81,3.13,3.04,3.38,3.52,1.29,1.36,7.8,7.91
896,3,2,6.79,6.75,3.61,3.51,3.09,3.02,3.35,3.42,1.53,1.52,7.93,7.88
897,1,2,7.57,7.82,4.35,4.8,2.84,2.81,2.89,2.68,1.51,1.57,7.99,7.83
897,2,2,7.01,7.22,4.15,4.56,3.03,3.08,3.49,3.35,1.41,1.47,7.63,7.8
897,3,2,7.44,7.53,4.47,4.39,3.01,3.06,3.11,3.01,1.68,1.65,8.03,7.91
898,1,2,7.05,7.21,4.27,4.36,3.03,2.94,3.18,3.19,1.73,1.81,7.83,7.88
898,2,2,7.34,7.46,4.59,4.83,3.08,2.77,3.42,3.43,1.67,1.38,8.14,7.91
898,3,2,7.24,7.04,4.05,4.26,3.1,2.75,3.17,3.1,1.76,1.63,7.68,7.84
901,1,2,7.45,7.45,4.47,4.52,2.53,2.64,3.71,3.76,1.37,1.34,8.24,8.24
901,2,2,6.97,6.75,4.28,4.45,2.72,2.77,3.75,3.75,1.52,1.41,8.47,8.12
901,3,2,7.51,7.57,4.2,4.18,2.54,2.54,3.23,3.21,1.63,1.74,7.57,7.97
902,1,2,7.08,6.85,4.36,4.4,2.45,2.66,2.61,3,1.33,1.37,8.1,8.33
902,2,2,6.92,6.97,3.98,4.13,2.2,2.67,3.21,3.19,1.41,1.53,7.54,7.43
902,3,2,7.11,7.31,4.31,4.24,2.57,2.41,2.83,2.8,1.69,1.67,7.52,6.97
905,1,2,6.64,6.6,3.87,3.82,2.91,2.71,2.79,2.86,1.54,1.47,7.58,7.35
905,2,2,6.19,6.34,3.43,3.55,2.83,2.98,3.31,3.39,1.57,1.5,6.81,6.94
905,3,2,6.85,6.97,3.86,3.81,3.03,2.91,2.84,2.77,1.55,1.58,7.33,7.64
906,1,2,7.24,7.07,4.11,4.03,2.22,2.31,3.28,3.42,1.4,1.38,8.25,7.91
906,2,2,7.18,6.97,3.54,3.61,2.08,2.34,3.46,3.42,1.41,1.32,7.71,7.75
906,3,2,7.66,7.46,4.06,3.61,2.57,2.22,3.49,3.39,1.44,1.56,8.13,8
908,1,2,6.62,6.42,3.73,3.92,3.33,2.94,2.84,2.8,1.33,1.29,6.67,7.05
908,2,2,6.38,6.41,3.17,2.51,2.49,2.39,2.94,2.98,1.03,1.2,6.25,6.1
908,3,2,6.99,6.77,4.17,4.03,3.22,3.2,2.77,2.84,1.76,1.37,7.19,7.08
909,1,2,6.86,6.99,4.22,4.08,3.15,3.18,3.15,3.21,1.46,1.5,7.28,7.37
909,2,2,6.6,6.91,3.47,3.55,3.17,2.86,3.19,3.33,1.5,1.55,7.25,7.19
909,3,2,6.5,6.54,3.67,3.47,2.94,2.99,3.03,3.03,1.67,1.38,6.54,6.85
911,1,2,6.52,6.43,4.18,4.03,3.16,2.84,3.17,3.25,1.8,1.67,6.64,6.58
911,2,2,7.08,7.04,4.62,4.59,2.93,3.11,3.53,3.41,1.78,1.6,7.64,7.78
911,3,2,6.75,7.05,4,4.09,2.98,2.38,3,3.1,1.7,1.39,6.95,7.28
912,1,2,7.1,7.25,3.13,3.21,2.84,2.89,2.73,2.73,1.49,1.32,7.24,7.79
912,2,2,5.8,5.57,3.08,2.5,2.84,2.54,2.76,2.8,1.06,1.46,6.95,6.12
912,3,2,7.08,6.99,3.66,3.83,3.1,3.02,2.9,2.75,1.6,1.62,7.46,7.36
914,1,2,5.83,6.4,1.22,1.5,2.36,2.47,2.6,2.63,1.38,1.65,7.5,7.35
914,2,2,6.35,6.48,2.8,2.55,2.29,2.41,2.84,2.86,1.25,1.6,7.27,7.08
914,3,2,6.59,6.26,3.52,3.91,2.54,2.12,2.34,2.64,1.65,1.86,6.5,6.87
1058,1,2,7,7,4.18,4.41,2.53,2.45,2.8,2.68,1.35,1.12,7.92,7.99
1058,2,2,7.04,6.99,4.18,4.35,2.99,2.89,3.23,3.04,1.42,1.52,7.53,7.32
1058,3,2,7.17,7.18,4.33,4.68,2.34,2.57,2.74,3.08,1.24,1.28,7.96,7.39
1081,1,2,7.12,6.86,4.15,3.85,2.86,2.57,2.75,2.73,1.24,1.28,6.88,7.46
1081,2,2,6.83,6.97,4.66,4.29,3.01,3.22,3.11,3.09,1.24,1.03,7.38,7.64
1081,3,2,6.45,6.36,4.4,4.09,2.8,2.64,2.89,2.79,1.37,1.41,7.26,6.97
1087,1,2,6.12,6.42,4.51,4.39,2.57,2.79,2.59,2.71,1.46,1.15,7.47,7.22
1087,2,2,7.22,7.14,4.17,4.29,2.7,2.75,2.89,2.98,1.33,1.75,7.32,7.68
1087,3,2,6.53,6.48,4.38,4.25,2.85,2.79,2.76,2.8,1.45,1.67,7.54,7.32
1109,1,2,7.4,7.5,4.65,4.4,3.15,3.21,3.32,3.36,1.38,1.5,8.28,7.64
1109,2,2,7.91,7.82,4.65,4.53,2.83,2.88,3.51,3.57,1.41,1.46,8.46,8.32
1109,3,2,7.65,7.6,4.81,4.35,2.94,2.84,3.37,3.29,1.55,1.6,7.94,8.02
1127,1,2,7.16,7.33,3.83,3.95,2.45,2.87,3.33,3.38,1.37,1.31,7.94,7.89
1127,2,2,7.22,7.22,3.12,3.04,2.84,2.9,3.19,3.2,1.44,1.36,7.54,7.82
1127,3,2,6.98,6.77,4.06,4.01,2.9,2.9,2.84,2.88,1.52,1.68,7.32,7.59
1128,1,2,7.47,7.2,4.16,4.22,2.63,2.66,2.8,2.84,1.35,1.37,7.57,7.61
1128,2,2,7.26,7.38,4.05,4.01,2.27,2.77,3.27,3.02,1.37,1.48,7.81,7.93
1128,3,2,6.85,6.87,4.03,4.31,2.89,2.76,3.01,2.76,1.7,1.61,7.81,7.58
1134,1,2,6.58,6.63,3.87,3.83,2.54,2.8,2.8,2.67,1.57,1.67,7.18,7.51
1134,2,2,6.81,7.03,4.11,3.94,2.62,2.74,2.82,2.93,1.49,1.32,7.43,7.29
1134,3,2,6.64,6.65,3.99,3.76,2.85,2.52,2.81,2.78,1.71,1.47,7.6,7.13
1135,1,2,5.74,5.89,3.46,3.44,2.2,2.53,2.55,3.31,1.1,1.28,5.78,6.33
1135,2,2,5.97,5.61,3.04,3.57,2.2,2.41,3.1,3.16,1.46,1.28,5.59,5.32
1135,3,2,5.68,5.54,2.9,3.5,2.44,2.07,2.95,2.8,1.46,1.42,7.02,6.31
1139,1,2,7.07,6.89,3.99,3.87,2.8,2.67,2.79,2.8,1.53,1.45,7.42,8.02
1139,2,2,7.29,7.26,3.26,3.63,2.58,2.51,3.25,2.95,1.34,1.45,8.06,8.19
1139,3,2,6.65,6.88,3.49,3.24,3,2.47,2.45,2.63,1.55,1.26,7.52,7.67
1175,1,2,7.45,7.51,3.8,3.59,2.03,1.84,3.08,3.04,1.45,1.41,8.19,7.71
1175,2,2,7.4,7.68,4.07,4.31,2.36,2.24,3.13,3.29,1.74,1.69,7.98,8.04
1175,3,2,7.39,7.31,3.97,3.92,2.16,1.82,3.33,3.07,1.64,1.67,8.17,7.98
1327,1,2,6.77,6.9,3.88,4.09,2.36,2.53,2.62,2.93,1.56,1.33,7.57,7.4
1327,2,2,6.6,6.62,4.33,4.33,2.48,2.57,2.89,2.98,1.54,1.56,7.23,7.48
1327,3,2,6.35,6.25,3.68,3.71,2.47,3.07,2.9,2.93,1.93,1.49,7.03,7.11
1328,1,2,7.37,7.24,4.42,4.44,3.1,3.21,3.28,3.33,1.64,1.71,8.11,7.82
1328,2,2,7.37,7.25,4.56,4.34,2.99,3.3,3.35,3.49,1.59,1.56,7.63,7.59
1328,3,2,7.36,7.38,4.18,4.44,2.95,3.14,3.47,3.28,1.68,1.47,7.59,8.13
1329,1,2,7.06,7.01,4.11,4.01,2.97,3.29,3.31,3.35,1.74,1.59,7.72,8.02
1329,2,2,7.42,7.39,4.44,4.3,3.33,3.25,3.48,3.51,1.58,1.49,7.82,8.03
1329,3,2,7.52,7.47,4.4,4.18,2.88,3.06,3.08,2.86,1.79,1.61,8.19,7.91
1330,1,2,7.35,7.12,4.19,4.12,3.23,2.7,3.21,3.16,1.74,1.44,7.81,7.82
1330,2,2,6.96,7.03,4.3,4.29,2.99,3.05,3.47,3.4,1.68,1.76,8,7.76
1330,3,2,6.91,6.84,4.53,4.42,2.81,3.08,3.19,3.32,1.78,1.58,7.55,7.8
1331,1,2,7.02,6.63,4.06,4.16,3.51,3.42,3.26,3.21,1.57,1.54,7.26,7.15
1331,2,2,7.19,6.99,4.3,4.52,3.41,3.41,3.37,3.38,1.48,1.62,7.89,7.59
1331,3,2,7.53,7.17,4.17,4.23,3.35,3.33,3.1,2.86,1.46,1.59,7.96,7.69
1332,1,2,7.19,7.28,4.53,4.32,3.04,3.11,3.2,3.11,1.48,1.55,7.65,7.89
1332,2,2,6.71,6.98,3.13,3.22,2.85,3.09,3.49,3.47,1.53,1.69,7.64,7.49
1332,3,2,7.38,7.41,4.35,4.56,3.21,3.32,3.1,3.03,1.53,1.52,7.73,7.69
1340,1,2,6.53,6.84,3.79,3.99,2.97,3.02,2.71,2.89,1.54,1.52,6.69,7
1340,2,2,6.67,6.57,4.06,4.18,3.33,3.26,3.04,3.05,1.64,1.69,7.18,7.71
1340,3,2,6.79,6.61,3.37,2.97,2.89,2.49,2.85,2.77,1.54,1.88,6.99,7.63
1345,1,2,6.95,6.56,4.26,4.33,3.1,3.15,2.83,2.83,1.33,1.36,7.58,7.44
1345,2,2,6.47,6.42,3.38,3.8,3.2,3.05,2.92,2.89,1.74,1.77,7.47,7.81
1345,3,2,7,6.98,3.91,3.87,3.31,3.1,2.73,2.96,,,6.92,7.39
1365,1,2,6.58,6.3,3.56,3.77,2.67,2.92,2.53,2.52,1.72,1.53,7.77,7.72
1365,2,2,6.27,6.21,4.19,4.25,2.68,2.81,2.8,2.74,1.19,1.25,7.09,7.1
1365,3,2,6.89,6.46,3.67,3.72,2.99,3.28,2.42,2.52,1.25,1.46,7.2,7.51
1366,1,2,6.91,6.95,4.41,4.38,3.09,2.86,3.06,2.93,1.8,1.51,7.87,7.98
1366,2,2,7.02,7.23,3.93,3.87,3.27,3.06,3.43,3.53,1.7,1.66,7.77,7.36
1366,3,2,7.33,7.33,4.2,4.43,3.09,3.25,2.95,2.9,1.54,1.7,7.82,8
1392,1,2,7.16,7.08,4.5,4.5,3.12,2.84,3.15,3.22,1.53,1.58,7.08,7.09
1392,2,2,7.19,6.81,4.41,4.27,2.49,2.72,2.92,2.88,1.57,1.51,7.82,7.91
1392,3,2,6.85,6.74,4.17,4.32,2.91,2.81,2.88,2.91,1.71,1.4,7.54,7.5
1393,1,2,,,,,,,,,,,,
1393,2,2,,,,,,,,,,,,
1393,3,2,,,,,,,,,,,,
1502,1,2,6.9,7.06,3.98,3.94,2.69,2.83,3.12,2.89,1.69,1.72,7.76,8.04
1502,2,2,6.94,6.96,4.28,3.75,2.9,2.79,3.27,3.12,1.59,1.56,8.02,8.12
1502,3,2,6.39,6.52,3.8,3.78,2.84,2.73,2.8,2.59,1.65,1.65,7.72,7.62
1541,1,2,6.35,6.41,3.06,3.04,2.66,2.94,2.49,2.57,1.4,1.18,7.34,7
1541,2,2,6.68,6.31,4.34,4.01,3.12,3.07,2.63,2.41,1.16,1.11,7.79,7.71
1541,3,2,6.51,6.66,4.5,4.44,3.12,3.01,2.61,2.64,1.48,1.51,7.88,8.1
1582,1,2,7.28,7.15,3.91,3.88,2.61,2.88,2.69,2.71,1.59,1.83,7.88,7.91
1582,2,2,6.5,6.75,4.44,4.51,2.51,2.84,2.77,2.64,1.18,1.29,7.95,7.94
1582,3,2,6.7,6.7,3.6,3.93,2.44,2.74,2.46,2.51,1.48,1.3,7.86,7.28
1620,1,2,7.21,7.28,4.17,4.24,3.03,2.89,3.37,3.51,1.44,1.38,8.07,7.91
1620,2,2,6.95,7.01,4.21,4.02,2.75,2.76,3.4,3.28,1.28,1.33,7.7,7.92
1620,3,2,7.16,7.17,4.14,4.26,2.61,2.84,3.29,3.35,1.35,1.31,8.03,8.03
1622,1,2,7.05,6.88,4,4.08,3.16,2.72,2.64,2.72,1.7,1.52,7.43,7.6
1622,2,2,7.23,7.31,4.15,4.28,2.7,2.77,2.96,3.03,1.45,1.42,7.68,7.79
1622,3,2,7.4,7.19,3.89,4.01,2.69,2.95,3.19,3.04,1.58,1.63,8.01,8.02
1671,1,2,6.78,6.9,4.02,4.22,3.1,2.86,3.22,3.23,1.72,1.63,7.83,7.71
1671,2,2,7.27,7.14,4.12,3.79,3,2.91,3.02,2.97,1.59,1.67,7.95,8.12
1671,3,2,6.99,6.96,3.83,4.08,2.82,2.82,2.98,2.88,1.82,1.59,7.65,7.88
1672,1,2,7.09,6.98,4.16,4.08,3.03,3.31,2.67,2.75,1.26,1.3,7.81,8.14
1672,2,2,7.06,6.91,4.12,3.93,2.79,3.01,2.86,2.72,1.42,1.29,7.79,8.1
1672,3,2,7.01,6.95,3.96,3.97,3.18,3.08,2.87,2.84,1.36,1.67,7.96,7.95
1691,1,2,7.66,7.62,4.52,4.43,3.08,3.18,3.37,3.29,1.71,1.56,7.95,8.03
1691,2,2,7.53,7.39,4.58,4.5,3.05,3.13,3.4,3.43,1.48,1.48,8.08,8.29
1691,3,2,7.31,7.09,4.3,4.13,2.91,2.69,3.39,3.26,1.65,1.67,8.12,8.07
1692,1,2,6.98,6.98,3.92,3.97,3.18,3.01,2.53,2.47,1.31,1.26,8.03,7.68
1692,2,2,7.15,7.07,4.01,4.21,3.01,2.24,2.8,2.73,1.3,1.4,7.53,7.37
1692,3,2,6.69,6.57,3.48,3.33,3.18,2.93,2.67,2.54,1.11,1.11,7.48,7.6
1712,1,2,7.61,7.43,4.19,4.38,3.18,3.18,3.02,2.98,1.52,1.43,8.28,8.47
1712,2,2,7.5,7.46,4.34,4.44,3.16,3.02,3.06,2.9,1.52,1.43,7.85,7.8
1712,3,2,7.43,7.52,4.02,3.77,3.19,3.21,3.02,2.99,1.55,1.39,8.02,8.01
1713,1,2,4.99,5.32,3.23,3.42,2.85,3.23,1.22,1.57,0.99,0.91,6.75,6.63
1713,2,2,5.99,5.84,3.84,3.68,3.13,3.24,1.93,1.98,1.27,1.17,7.05,7.18
1713,3,2,6.24,6.25,3.45,3.79,3.21,3.34,3.07,1.96,1.03,1.15,6.94,6.85
1721,1,2,7.28,7.23,4.18,4.26,2.7,2.74,3.1,2.99,1.66,1.69,7.97,8.08
1721,2,2,7.4,7.22,4.55,4.66,2.79,2.82,3.07,3.08,1.7,1.52,8.31,8.3
1721,3,2,7.45,7.23,4.41,4.36,2.89,2.84,3.52,3.29,1.7,1.79,7.8,7.77
1722,1,2,6.47,6.09,3.76,3.69,2.74,2.64,2.57,2.46,1.01,1.24,7.46,7.42
1722,2,2,6.63,6.45,4,3.86,2.87,2.91,2.44,2.4,1.54,1.66,7.65,7.28
1722,3,2,6.45,6.18,4.05,3.75,2.61,2.38,2.44,2.37,1.44,1.54,6.83,6.69
1731,1,2,7.82,7.84,4,4.1,2.82,2.69,3.33,3.3,1.25,1.16,8.15,8.3
1731,2,2,7.46,7.57,4.34,4.07,2.73,2.44,2.93,2.89,1.33,1.45,8.06,8.06
1731,3,2,7.63,7.35,4.12,4.07,2.41,2.49,2.81,2.86,1.62,1.45,8.22,8.47
1732,1,2,6.91,6.75,4.04,4.29,2.2,2.36,3.67,3.55,1.34,1.31,7.47,7.76
1732,2,2,7.1,7.22,4.72,4.39,2.41,1.98,3.02,3.09,1.3,1.17,7.58,7.58
1732,3,2,7.36,7.28,4.19,4.4,2.16,2.25,3.21,3.03,1.36,1.46,7.6,7.96
1791,1,2,7.04,7.18,4,4,2.87,2.96,3.29,3.3,1.53,1.62,7.76,7.92
1791,2,2,6.96,7.01,4.25,4.56,2.93,2.84,3.37,3.44,1.51,1.55,8.47,8.05
1791,3,2,6.71,6.93,4,3.93,2.77,3.01,2.9,3,1.46,1.27,7.73,7.97
1832,1,2,7.37,7.34,4.31,4.34,2.43,2.43,3.13,2.93,1.6,1.5,8.22,8.37
1832,2,2,7.42,7.46,4.34,4.64,2.52,2.42,3.02,3.07,1.55,1.55,8.12,8
1832,3,2,7.2,7.43,4.42,4.68,2.36,2.51,3.11,3.16,1.48,1.55,7.92,8.16
1844,1,2,5.8,5.9,3.89,4.06,2.27,2.19,0.83,0.97,1.39,1.16,8.09,7.36
1844,2,2,6.49,6.62,4.16,4.04,2.11,2.09,1.32,1.29,1.42,1.2,7.38,7.42
1844,3,2,6.82,7.09,3.79,4.15,1.92,2.05,1.08,1.23,1.56,1.45,7.65,7.95
1849,1,2,6.7,6.92,4.18,4.06,2.18,2.15,1.36,1.09,1.38,1.5,7.85,7.61
1849,2,2,6.97,6.73,4.13,4.36,2.26,2.15,1.23,1.37,1.32,1.35,7.86,7.67
1849,3,2,6.83,7.15,3.82,4.04,2.08,2,1.36,1.04,1.27,1.27,7.83,7.77
1870,1,2,6.59,6.51,3.57,3.68,2.98,2.45,2.05,2.05,1.29,1.26,7.41,7.26
1870,2,2,6.3,6.3,3.77,3.73,2.84,2.79,1.98,1.89,1.51,1.68,7.65,7.44
1870,3,2,6.68,6.61,3.64,3.67,2.64,2.69,2.03,1.81,1.35,1.31,7.73,7.67
1872,1,2,6.37,6.48,4.52,4.44,3.07,2.93,2.65,2.77,1.37,1.41,7.04,6.91
1872,2,2,6.23,6.24,4.79,4.94,2.93,3,2.7,2.65,1.51,1.48,7.09,7.19
1872,3,2,6.19,6.21,3.91,3.98,3.18,3.02,2.51,2.48,1.58,1.51,7.32,7.45
1884,1,2,6.03,6.11,4.37,4.36,2.74,2.68,2.84,2.86,1.38,1.45,6.82,6.78
1884,2,2,6.11,6.16,4.41,4.36,2.63,2.68,2.92,2.96,1.56,1.42,7,7.05
1884,3,2,5.92,5.92,4.22,4.22,2.4,2.43,2.74,2.65,1.44,1.44,6.72,6.66
1885,1,2,6.72,7.06,4.18,4.23,2.98,2.77,2.82,2.72,1.37,1.51,7.97,8.08
1885,2,2,7.02,6.89,4.56,4.27,2.86,2.84,3.1,3.1,1.34,1.5,8.13,7.85
1885,3,2,7.08,7.11,3.89,4.5,2.82,2.75,2.72,2.68,1.48,1.52,7.68,7.8
1941,1,2,6.36,6.42,3.56,3.91,2.84,2.62,2.8,2.72,1.54,1.41,7.12,7.28
1941,2,2,6.32,6.09,3.68,3.64,2.6,2.57,2.38,2.37,1.21,1.57,6.6,6.91
1941,3,2,6.07,5.95,3.49,3.66,2.59,2.81,2.44,2.4,1.59,1.3,7.82,7.73
1942,1,2,7.23,7.19,4.33,4.48,3.06,2.92,2.47,2.51,1.5,1.27,7.85,8.15
1942,2,2,6.35,6.13,3.83,4.04,2.01,2.12,2.65,2.54,1.28,1.25,8.04,7.86
1942,3,2,6.47,6.73,4.2,4.12,2.15,2.59,2.42,2.7,1.74,1.51,8.33,8.4
1962,1,2,7.5,7.5,4.59,4.61,3.14,3.02,2.79,2.97,1.6,1.39,7.87,7.69
1962,2,2,7.16,7.22,4.24,4.05,2.68,2.78,3.13,3.01,1.48,1.27,8.15,8.07
1962,3,2,6.21,6.16,3.81,3.68,2.86,2.84,2.9,2.98,1.71,1.25,7.91,7.83
1963,1,2,7.48,7.37,4.36,4.24,2.6,2.44,1.15,0.94,1.31,1.45,8.15,7.9
1963,2,2,7.25,7.21,4.38,4.26,2.27,2.47,1.07,1.37,1.49,1.52,8.27,8.1
1963,3,2,7.55,7.66,3.81,4.09,2.17,2.42,0.94,1.07,1.68,1.49,8.5,8.5
1965,1,2,6.94,6.82,3.52,3.23,2.85,2.74,2.78,2.02,1.57,1.49,7,7.22
1965,2,2,6.95,6.91,4.36,4.31,2.6,2.44,2.54,2.5,1.58,1.48,7.56,7.56
1965,3,2,7.2,7.35,4,3.85,2.94,2.52,2.94,3.06,1.5,1.44,7.72,7.55
1972,1,2,7.32,6.95,4.32,4.25,3.27,2.91,3.02,3.3,1.68,1.53,8,7.89
1972,2,2,6.91,6.89,4.93,4.79,2.88,2.93,3.1,3.13,1.56,1.49,7.94,7.99
1972,3,2,7.47,7.49,4.53,4.4,2.87,2.33,2.86,2.8,1.57,1.46,7.91,7.9
2001,1,2,6.9,6.68,3.8,3.81,2.94,3.04,3.3,3.13,1.51,1.4,7.61,7.38
2001,2,2,6.17,6.31,3.75,4.06,2.9,2.76,3.04,3.19,1.4,1.5,7.66,7.92
2001,3,2,6.54,6.73,3.55,3.54,2.81,2.68,3.28,3.13,1.38,1.34,7.88,7.9
2002,1,2,6.82,6.85,3.62,3.68,2.83,2.8,3.32,3.29,1.46,1.43,7.43,7.33
2002,2,2,7.03,6.79,3.97,3.94,2.8,2.58,3.18,3.18,1.51,1.56,7.9,7.73
2002,3,2,6.47,6.57,3.58,3.48,2.87,2.91,3.31,3.44,1.52,1.5,8.17,8.09
2012,1,2,7.23,6.9,4.2,4,1.96,2.12,1.22,1.26,1.05,1.18,8.09,7.92
2012,2,2,6.57,6.47,3.94,3.83,2.07,2.16,1.09,1.43,1.36,1.36,8.1,7.91
2012,3,2,6.85,6.6,4,4.1,1.99,2.13,1.06,0.98,1.29,1.23,7.83,7.79
2013,1,2,6.7,6.72,4.02,4.02,2.07,1.98,1.47,1.21,1.2,1.14,7.78,7.89
2013,2,2,6.68,6.54,4.02,3.95,2.17,1.84,1.46,1.46,1.24,1.03,7.88,7.92
2013,3,2,6.65,6.77,3.97,3.72,1.96,1.98,1.56,1.31,0.96,1.12,7.76,7.79
2014,1,2,6.5,6.73,4.17,4.21,2.37,2.33,1.13,0.98,1.28,1.33,7.88,7.56
2014,2,2,6.61,6.78,4.59,4.29,2.33,2.21,1.19,1.07,1.21,1.23,7.67,7.57
2014,3,2,6.76,6.87,4.03,4.21,2.33,2.2,1.2,1.32,1.28,1.39,8,7.94
2015,1,2,6.54,6.46,3.98,4.21,2.27,2.36,1.56,1.32,1.3,1.11,7.83,7.95
2015,2,2,7,6.92,4.29,4.21,2.24,2.24,1.29,1.32,1.01,1.16,8.05,7.89
2015,3,2,6.62,6.78,3.98,4.04,2.1,2.24,1.15,1.26,1.01,1.28,7.89,7.76
2027,1,2,6.78,6.72,3.83,3.92,2.98,2.82,3.17,3.08,1.43,1.29,7.83,7.83
2027,2,2,7,6.65,4.31,4.16,2.96,2.77,3.25,3.19,1.5,1.45,7.94,8.04
2027,3,2,7.03,7.09,3.89,3.64,2.76,2.85,3.26,3.26,1.43,1.45,7.88,7.91
2029,1,2,7.45,7.39,4.53,4.49,3.16,3.32,3.25,3.15,1.63,1.53,8.03,8.19
2029,2,2,7.44,7.32,4.47,4.42,3.04,3.07,3.12,3.16,1.83,1.83,7.87,7.83
2029,3,2,7.42,7.15,4.64,4.36,3.14,2.95,3.29,3.2,1.69,1.77,7.86,7.86
2030,1,2,7.36,7.39,4.53,4.6,3.11,2.94,3.08,3,1.48,1.59,8.05,8.15
2030,2,2,7.4,7.45,4.52,4.78,2.78,2.67,3.03,3.12,1.57,1.53,8.21,8.01
2030,3,2,7.37,7.42,4.35,4.29,3.01,2.86,3.19,3.1,1.65,1.59,8.04,7.91
2031,1,2,7.28,6.99,4.33,4.38,2.81,2.74,3.28,3.41,1.68,1.74,8.5,8.5
2031,2,2,7.7,7.56,4.95,4.48,2.69,2.86,3.24,3.16,1.51,1.51,8.17,8.35
2031,3,2,7.1,6.99,4.09,4.27,2.56,2.73,3.18,3.16,1.59,1.59,8.19,7.93
2033,1,2,6.82,7.18,4.21,4.07,3.03,2.87,2.49,2.67,1.56,1.41,7.74,7.68
2033,2,2,6.97,7.22,4.25,3.97,2.76,3.12,2.6,2.56,1.39,1.39,7.77,7.8
2033,3,2,6.85,6.83,4.35,4.29,3.1,2.8,2.81,2.64,1.44,1.36,7.73,7.76
2097,1,2,7.13,7.41,4.47,4.38,3.11,3.18,3.33,3.2,1.77,1.53,8.46,8.31
2097,2,2,7.55,7.24,4.76,4.66,2.92,2.72,3.35,3.29,1.59,1.65,8.14,8.13
2097,3,2,7.32,7.5,4.3,4.3,2.82,2.59,3.31,3.18,1.78,1.68,7.83,7.71
2098,1,2,6.66,6.57,4.36,4.31,2.7,2.55,2.68,2.6,1.26,1.16,7.25,7.33
2098,2,2,6.69,6.62,4.45,4.61,2.89,2.76,2.93,2.86,1.28,1.15,7.74,8.41
2098,3,2,6.2,6.57,3.09,4.18,2.37,3.11,2.56,2.56,1.41,1.32,7.24,7.62
2108,1,2,7.27,7.54,4.54,4.44,2.84,2.88,3.08,3,1.85,1.68,7.96,8.01
2108,2,2,7.09,7.09,4.62,4.54,2.76,3,3.3,3.34,1.81,1.77,8.17,8.06
2108,3,2,7.32,7.52,4.34,4.52,3.07,2.91,3.28,3.2,1.75,1.9,7.93,8.13
2110,1,2,7.25,7.32,4.51,4.46,3.08,3,3.35,3.22,1.61,1.41,7.91,7.6
2110,2,2,7.35,7.31,4.69,4.64,2.97,2.69,3.2,3.33,1.62,1.71,8.11,8.23
2110,3,2,7.55,7.69,4.59,4.39,3.22,2.78,3.11,3.15,1.72,1.46,8.17,7.93
2121,1,2,7.45,7.2,4.36,4.34,3.32,3.26,3.07,3.15,1.6,1.59,7.88,8.02
2121,2,2,7.48,7.55,4.8,4.77,3.15,2.99,3.14,3.09,1.63,1.61,7.96,8.1
2121,3,2,7.32,7.37,4.44,4.29,3.17,3.15,3.25,3.15,1.66,1.64,7.59,7.94
2129,1,2,7.81,7.18,4.28,4.32,2.17,2.19,1.37,1.4,1.49,1.31,7.78,7.68
2129,2,2,6.39,6.47,3.65,3.74,2.16,2.22,1.85,1.69,1.39,1.7,8.19,7.92
2129,3,2,6.99,7.22,3.88,3.75,2.19,2.19,1.49,1.6,1.33,1.38,8.11,8.04
2130,1,2,6.85,6.75,4.02,4.87,2.12,2.06,1.31,1.34,1.18,0.93,8.02,7.7
2130,2,2,7.37,7.39,4.34,4.57,1.77,2.1,1.43,1.59,1.57,1.14,8.17,7.96
2130,3,2,7.12,7.21,4.28,4.57,1.97,1.91,1.12,1.36,1.21,1.3,8.12,8.27
2131,1,2,7.57,7.5,4.17,4.41,2.82,2.59,2.6,2.69,1.64,1.62,7.9,7.99
2131,2,2,7.12,7.56,4.35,4.32,2.47,2.59,3,2.98,1.64,1.54,8.07,8.28
2131,3,2,7.25,7.37,4.35,4.46,2.51,2.84,2.96,2.92,1.64,1.77,7.92,7.94
2132,1,2,7.23,7.62,4.42,4.64,3.09,3.26,3.14,3.2,1.53,1.79,7.72,7.95
2132,2,2,7.28,7.35,4.08,4.26,3.19,3.3,3.05,2.89,1.58,1.66,7.7,8.06
2132,3,2,7.37,7.67,4.41,4.37,3.06,3.03,2.97,2.97,1.53,1.76,8.19,8.35
2149,1,2,6.94,6.79,4.05,4.11,2.47,2.43,2.79,2.86,1.32,1.23,7.82,7.9
2149,2,2,7.45,7.35,4.12,4.23,2.84,2.43,2.42,2.42,1.07,0.86,7.9,8.03
2149,3,2,7.24,6.96,4.31,4.16,2.71,2.48,2.91,2.94,1.39,1.45,7.5,7.82
2150,1,2,7.26,7.59,3.81,3.91,1.98,2.04,1.31,1.49,1.39,1.49,8.16,8.34
2150,2,2,7.49,7.44,4.22,4.11,2.2,2.52,0.89,0.93,1.63,1.73,7.6,7.39
2150,3,2,7.49,7.65,4.25,3.96,2.19,2.47,1.01,1.04,1.99,1.8,8.07,7.64
2160,1,2,6.53,6.66,3.67,3.52,2.69,2.74,3.05,2.9,1.31,1.32,8.09,7.86
2160,2,2,6.42,6.41,3.69,3.72,2.58,2.51,3.06,3,1.41,1.48,8.22,7.77
2160,3,2,6.4,6.12,3.84,3.84,2.68,2.55,3.37,3.47,1.38,1.41,7.7,7.83
2169,1,2,7.1,7.22,3.98,3.68,2.6,2.57,2.32,2.54,1.64,1.62,8.06,8.06
2169,2,2,7.14,7.18,3.94,4,2.57,2.68,2.97,2.96,1.35,1.59,8.07,8.38
2169,3,2,7.09,7.06,4,4.06,2.8,2.77,3.02,3.1,1.3,1.27,7.88,7.65
2170,1,2,7.65,7.57,4.09,3.83,2.19,2.28,1.16,1.07,1.59,1.53,7.94,8.04
2170,2,2,7.48,7.42,4,4.03,2.27,2.32,1.58,0.98,1.59,1.55,8.2,8.29
2170,3,2,7.59,7.5,4.19,4.22,2.57,2.36,1.33,1.21,1.58,1.73,7.76,7.83
2189,1,2,7.51,7.59,3.96,4.14,2.46,2.46,3.38,3.34,1.52,1.51,8.38,8.19
2189,2,2,7.79,7.75,4.07,3.96,2.36,2.48,3.15,3.2,1.59,1.62,8.2,8.25
2189,3,2,7.98,8.02,4.24,4.22,2.35,2.53,3.35,3.43,1.53,1.54,8.21,8.3
2190,1,2,7.23,7.06,4.17,3.99,2.45,2.49,2.86,3.06,1.62,1.55,8.15,8.06
2190,2,2,7.7,7.46,4.11,3.87,2.71,2.68,3.32,3.17,1.55,1.67,7.94,8.06
2190,3,2,7.5,7.22,4.35,4.28,2.97,2.46,3.25,3.21,1.51,1.61,8.03,7.92
2199,1,2,7.37,7.26,4.06,4.29,2.35,2.31,1.44,1.49,1.36,1.23,8.27,8.3
2199,2,2,7.58,7.26,3.78,3.99,2.42,2.49,1.49,1.65,1.58,1.54,8.34,8.5
2199,3,2,7.5,7.53,4.21,4.06,2.27,2.2,1.57,1.7,1.73,1.54,8.37,8.17
2383,1,2,7.38,7.47,4.29,4.55,2.98,3.08,3.19,3.06,1.58,1.8,7.91,8.18
2383,2,2,7.2,7.5,4.18,3.94,3.09,3.14,3,2.92,1.63,1.57,7.89,8.07
2383,3,2,7.12,7.11,4.56,4.51,3.17,3.37,3.06,3.01,1.53,1.29,7.63,7.79
2384,1,2,7.42,7.46,4.42,4.26,2.72,2.87,2.97,3.1,1.61,1.74,8.23,7.84
2384,2,2,7.23,7.21,4.38,4.38,2.79,3.06,2.99,3.05,1.65,1.6,8.12,8.17
2384,3,2,7.54,7.37,4.63,4.4,2.78,2.93,3.03,3.04,1.62,1.5,7.87,7.91
2385,1,2,7.23,7.16,4.22,4.09,1.92,1.9,3.2,3.2,1.46,1.51,8.12,7.79
2385,2,2,7.07,6.87,3.53,3.62,1.57,1.75,2.89,2.88,1.64,1.58,7.36,7.15
2385,3,2,6.74,6.97,4.04,4.13,1.96,1.81,3.18,3.08,1.48,1.66,8.03,7.88
2386,1,2,7.25,7.34,3.92,3.95,2.63,2.98,2.85,2.82,1.46,1.52,8.25,8.07
2386,2,2,6.96,7,4.04,4.36,2.54,2.62,2.74,2.84,1.38,1.51,8.01,8.34
2386,3,2,7.65,7.36,4.24,3.96,2.79,2.18,2.57,2.41,1.53,1.29,8.1,7.93
2388,1,2,7.03,7.21,4.33,4.05,2.76,2.79,3,3.28,1.51,1.59,7.78,7.84
2388,2,2,7.38,7.3,4.16,4.3,2.77,2.71,3.02,3.07,1.65,1.46,8.02,8.08
2388,3,2,7.16,7.16,4.14,4.09,2.76,2.46,2.47,2.39,1.6,1.8,7.99,7.73
2407,1,2,7.27,7.12,4.66,4.54,1.85,1.9,3.18,3.15,1.41,1.28,8.12,7.69
2407,2,2,7.45,7.26,4.75,4.78,1.66,1.9,3.2,3.24,1.42,1.31,7.48,7.72
2407,3,2,7.13,7.42,4.7,4.72,1.99,2.06,2.86,2.81,1.5,1.44,8.17,8.01
2408,1,2,6.67,6.36,3.61,3.55,2.62,2.21,2.82,2.78,1.58,1.45,7.57,7.49
2408,2,2,6.77,6.81,3.24,3.57,2.48,3.13,2.64,2.42,1.42,1.42,7.24,7.34
2408,3,2,6.5,6.73,4.28,4.1,2.95,2.48,2.45,2.55,1.29,1.51,7.86,8.05
2122,1,2,7.27,7.22,4.34,4.08,2.3,2.14,1.18,1.09,0.94,0.97,8.23,8.22
2122,2,2,7,7.18,4.44,4.19,2.22,2.3,1.23,1.38,0.99,0.93,8.05,8.03
2122,3,2,7.06,7.04,4.44,4.51,2.05,2.11,1.15,1.07,1,1.04,7.99,8.16
2119,1,2,6.62,6.56,3.98,3.88,2.3,2.31,1.17,1.2,1.37,1.28,7.85,7.92
2119,2,2,6.72,6.68,4.6,4.5,2.21,2.29,1.26,1.2,1.14,1.14,7.76,7.99
2119,3,2,6.9,6.81,4.18,4.2,2.3,2.19,1.18,1.48,1.35,1.1,7.86,7.89
2111,1,2,7.45,7.2,4.36,4.34,3.32,3.26,3.07,3.15,1.6,1.59,7.88,8.02
2111,2,2,7.48,7.55,4.8,4.77,3.15,2.99,3.14,3.09,1.63,1.61,7.96,8.1
2111,3,2,7.32,7.37,4.44,4.29,3.17,3.15,3.25,3.15,1.66,1.64,7.59,7.94
2120,1,2,6.5,6.51,4,4.03,2.36,2.61,1.18,1.18,1.17,1.09,7.9,7.82
2120,2,2,6.6,6.52,4.37,4.33,2.3,2.21,1.02,0.89,1.05,1.22,7.65,7.64
2120,3,2,6.78,6.59,3.74,3.97,2.23,2.1,1.11,1.05,1.32,1.32,7.67,7.54
21,1,2,7.05,7,3.87,3.79,2.59,1.82,0.86,0.8,1.56,1.59,7.96,7.88
21,2,2,7.28,6.98,3.98,3.98,2.39,2.05,1.14,1.3,2.02,1.88,7.81,7.51
21,3,2,7.33,7.4,4.14,4.25,2.18,2.01,1.29,0.95,1.85,2.03,8.33,8.31
87,1,2,7.76,7.77,3.76,3.67,2.15,2.21,3.44,3.57,1.63,1.35,8.04,8.05
87,2,2,7.68,7.66,3.94,3.67,2.22,2.35,3.42,3.41,1.61,1.42,8.14,8.35
87,3,2,7.25,7.32,4.08,3.8,2.18,2.04,3.21,3.08,1.57,1.61,8.36,8.08
467,1,2,6.96,6.79,3.97,3.56,2.3,1.99,1.06,1.05,1.35,1.22,8.2,8.31
467,2,2,7.35,7.4,3.74,3.83,2.3,2.86,0.93,1.05,1.12,1.31,7.37,7.62
467,3,2,6.12,6.33,3.3,3.63,2.02,1.96,1,0.83,1.37,1.34,7.75,7.6
558,1,2,7.44,7.49,4.46,4.55,2.18,2.38,0.83,0.7,1.49,1.46,7.54,7.43
558,2,2,7.62,7.53,4.43,4.57,2.43,2.04,0.86,0.78,1.43,1.48,7.42,7.42
558,3,2,7.2,7.23,4.34,4.62,2.15,2.11,0.77,0.82,1.64,1.64,7.46,7.37
581,1,2,7.8,7.54,4.5,4.26,3,2.97,3.09,3.23,1.43,1.36,8.25,7.95
581,2,2,7.76,7.46,4.48,4.42,3.06,2.99,3.02,3.16,1.33,1.32,8.15,8.13
581,3,2,7.48,7.65,4.54,4.61,3,2.88,2.9,3.02,1.38,1.3,7.96,7.89
H-01,1,2,7.4,7.67,4.12,4.26,2.47,2.78,3.27,3.25,1.81,1.73,7.95,8.01
H-01,2,2,7.39,7.39,3.85,4.22,2.47,2.64,2.9,3.04,1.41,1.51,8.06,7.99
H-01,3,2,7.34,7.56,3.93,4.04,2.89,2.47,2.65,2.79,1.58,1.55,8.07,7.98
H-03,1,2,7.59,7.43,4.26,4.26,2.58,2.58,3.16,3.23,1.41,1.5,8.09,8.23
H-03,2,2,7.21,7.24,4.61,4.13,2.7,2.83,3.24,3.15,1.73,1.54,8.25,8.02
H-03,3,2,7.69,7.39,4.14,4.12,2.77,2.48,3.04,3.21,1.47,1.55,8.47,8.31
419,1,2,6.23,6.51,4.08,4.2,1.64,1.7,2.57,2.72,1.39,1.3,7.74,7.97
419,2,2,7.13,7.09,4.01,4.14,1.72,1.99,3.17,3.13,1.5,1.65,7.79,8.03
419,3,2,7.42,7.27,4.3,4.33,2.07,2.12,2.76,2.72,1.6,1.47,7.86,7.86
78-02,1,2,7.29,7.12,3.56,3.49,2.33,2.38,2.89,3.06,1.5,1.43,7.91,7.53
78-02,2,2,6.81,6.65,3.82,3.71,2.4,2.54,3.18,3.3,1.33,1.28,7.91,7.84
78-02,3,2,6.96,7.1,3.73,3.99,2.18,2.23,3.32,3.19,1.56,1.58,8,8.11
1026,1,2,7.02,6.88,3.95,4,2.39,2.13,3.05,3.05,1.6,1.24,7.28,7.2
1026,2,2,7.21,7.41,4.06,4.12,2.2,2.17,3.12,2.87,1.43,1.64,7.49,7.3
1026,3,2,6.39,6.61,3.77,3.94,2.58,2.01,2.86,2.99,1.47,1.29,8,7.64
1027,1,2,7.25,7.49,4.45,4.63,2.87,3.18,3.28,3.16,1.94,1.64,8.21,8.29
1027,2,2,7.67,7.11,4.38,4.44,3.08,2.99,3.12,3.12,1.61,1.69,8.23,8.28
1027,3,2,6.99,6.98,4.32,4.39,2.95,2.63,3.23,3.14,1.98,1.64,8.09,8.11
1029,1,2,7.3,7.5,4.31,4.15,2.87,3.01,2.97,3.09,1.57,1.63,8.31,8.16
1029,2,2,7.24,7.33,3.84,3.84,2.84,2.96,3.12,3.16,1.58,1.82,8.05,7.97
1029,3,2,6.48,6.89,4.07,4.4,2.98,3.02,2.99,3.04,1.8,1.59,6.97,7.34
8,1,2,7.76,7.48,3.84,4.2,2.26,1.99,3.46,3.63,1.58,1.41,8.27,8.42
8,2,2,7.66,7.66,3.99,3.74,2.32,2.16,3.65,3.48,1.58,1.59,8.46,8.24
8,3,2,7.49,7.26,4.1,3.93,2.05,2.09,3.51,3.39,1.71,1.67,8.22,8.32
118,1,2,7.03,6.96,3.54,3.94,2.03,2.2,3.33,3.27,1.62,1.41,7.85,8.08
118,2,2,7.47,7.34,3.74,3.61,2.09,1.93,2.98,2.77,1.3,1.15,8.1,8.08
118,3,2,6.52,6.76,3.43,3.71,1.64,1.94,3,2.59,1.4,1.27,7.67,7.42
1,1,2,7.06,7.06,3.91,3.86,2.14,2.03,3.56,3.39,1.43,1.52,7.99,8.06
1,2,2,7.39,7.39,4.12,4.06,2.23,2.5,3.02,2.99,1.44,1.16,7.88,8.27
1,3,2,7.34,7.34,3.98,3.83,1.89,2.25,3.01,2.85,1.73,1.49,8.02,7.83
20,1,2,7.06,6.93,3.46,3.76,2.12,1.96,3.12,3.19,1.49,1.4,7.88,7.65
20,2,2,7.12,6.92,3.58,3.63,2.3,2.03,3.08,3.38,1.3,1.32,7.62,7.81
20,3,2,6.83,7.19,4.04,3.8,2.29,2.58,3.31,3.31,1.43,1.7,7.76,7.28
745,1,2,7.31,7.44,3.49,3.35,1.85,1.81,3.41,3.37,1.3,1.21,8.5,8.5
745,2,2,7.48,7.6,4.38,4.58,2.3,2,3.6,3.59,1.53,1.27,8.08,7.77
745,3,2,6.89,7.07,4.21,4.32,2.09,2.04,3.24,3.24,1.22,1.33,8.14,8.18
74,1,2,7.19,7.31,3.95,4.08,1.89,2.1,3.1,3.06,1.59,1.47,8.07,8.16
74,2,2,7.2,7.35,3.82,4.01,2.17,2.34,3.31,3.16,1.64,1.54,8.04,8.15
74,3,2,7.01,6.8,3.87,3.9,1.92,2.04,2.93,2.91,1.66,1.61,7.97,7.88
123,1,2,7.19,7.15,3.81,4.22,2.8,2.84,3.84,3.51,1.74,1.61,8.31,8.46
123,2,2,7.53,7.4,4.07,4.03,2.34,2.34,3.27,3.25,1.39,1.35,8.31,8.46
123,3,2,7.02,6.98,3.94,3.56,2.5,2.6,3.35,3.25,1.67,1.84,7.95,7.83