ID,experimental_replicate,dose,response
1,1,0,7.84
1,1,0,8.08
1,1,0,8.49
1,1,0,8.495
8,1,0,8.295
8,1,0,8.385
8,1,0,8.21
8,1,0,8.5
12B,1,0,8
12B,1,0,7.965
12B,1,0,7.865
12B,1,0,8.045
20,1,0,2.085
20,1,0,5.385
20,1,0,4.15
20,1,0,4.725
123,1,0,1.98
123,1,0,2.765
123,1,0,2.23
123,1,0,2.385
21,1,0,5.145
21,1,0,5.615
21,1,0,5.4
21,1,0,4.415
74SS1,1,0,7.57
74SS1,1,0,7.225
74SS1,1,0,7.735
74SS1,1,0,7.345
87,1,0,7.58
87,1,0,7.955
87,1,0,7.745
87,1,0,8.095
118,1,0,7.67
118,1,0,7.78
118,1,0,7.36
118,1,0,7.35
129,1,0,7.965
129,1,0,8.16
129,1,0,8.17
129,1,0,7.905
449,1,0,7.51
449,1,0,7.795
449,1,0,7.83
449,1,0,7.155
461,1,0,6.08
461,1,0,3.985
461,1,0,4.625
461,1,0,6.295
467,1,0,6.55
467,1,0,7.245
467,1,0,7.34
467,1,0,7.17
475,1,0,7.39
475,1,0,7.535
475,1,0,7.39
475,1,0,7.845
558,1,0,7.095
558,1,0,7.46
558,1,0,6.75
558,1,0,7.17
564,1,0,7.43
564,1,0,7.35
564,1,0,7.275
564,1,0,7.095
568,1,0,6.845
568,1,0,7.54
568,1,0,7.19
568,1,0,7.025
581,1,0,7.975
581,1,0,7.945
581,1,0,7.8
581,1,0,7.945
645,1,0,7.145
645,1,0,7.66
645,1,0,7.305
645,1,0,7.115
667,1,0,7.33
667,1,0,7.21
667,1,0,7.065
667,1,0,7.135
800,1,0,7.945
800,1,0,7.465
800,1,0,7.695
800,1,0,7.84
62-02,1,0,7.905
62-02,1,0,6.77
62-02,1,0,7.54
62-02,1,0,7.695
62-03,1,0,4.8
62-03,1,0,6.9
62-03,1,0,6.14
62-03,1,0,6.92
62-04,1,0,7.13
62-04,1,0,6.93
62-04,1,0,6.855
62-04,1,0,7.86
78-01,1,0,
78-01,1,0,
78-01,1,0,
78-01,1,0,
78-02,1,0,7.55
78-02,1,0,7.62
78-02,1,0,6.995
78-02,1,0,7.27
78-05,1,0,
78-05,1,0,7.4
78-05,1,0,7.05
78-05,1,0,6.82
S-01,1,0,6.14
S-01,1,0,5.485
S-01,1,0,6.52
S-01,1,0,5.745
H-01,1,0,7.18
H-01,1,0,7.75
H-01,1,0,7.675
H-01,1,0,7.53
H-03,1,0,7.1
H-03,1,0,6.395
H-03,1,0,6.875
H-03,1,0,6.665
H-04,1,0,6.82
H-04,1,0,6.57
H-04,1,0,7.925
H-04,1,0,7.81
I-20,1,0,7.155
I-20,1,0,7.21
I-20,1,0,6.875
I-20,1,0,7.55
419,1,0,7.02
419,1,0,6.225
419,1,0,6.645
419,1,0,5.76
413,1,0,5.76
413,1,0,7.095
413,1,0,6.95
413,1,0,7.37
W212,1,0,6.62
W212,1,0,7.105
W212,1,0,6.99
W212,1,0,6.92
318,1,0,7.055
318,1,0,7.24
318,1,0,7.13
318,1,0,7.095
1025,1,0,8
1025,1,0,6.655
1025,1,0,7.295
1025,1,0,6.625
1026,1,0,7.21
1026,1,0,7.07
1026,1,0,7.885
1026,1,0,7.71
1027,1,0,6.68
1027,1,0,5.705
1027,1,0,7.3
1027,1,0,6.925
1029,1,0,7.47
1029,1,0,7.205
1029,1,0,7.67
1029,1,0,7.365
1032,1,0,4.665
1032,1,0,5.18
1032,1,0,4.215
1032,1,0,5.125
1033,1,0,7.205
1033,1,0,6.75
1033,1,0,7.385
1033,1,0,7.345
1,1,0.5,5.35
1,1,0.5,4.815
1,1,0.5,5.04
1,1,0.5,5.2
8,1,0.5,5.29
8,1,0.5,5.015
8,1,0.5,4.89
8,1,0.5,4.96
12B,1,0.5,5.305
12B,1,0.5,4.995
12B,1,0.5,5.085
12B,1,0.5,4.71
20,1,0.5,2.155
20,1,0.5,4.04
20,1,0.5,3.52
20,1,0.5,3.725
123,1,0.5,1.585
123,1,0.5,2.48
123,1,0.5,2.33
123,1,0.5,2.16
21,1,0.5,2.78
21,1,0.5,2.69
21,1,0.5,2.435
21,1,0.5,2.355
74SS1,1,0.5,4.565
74SS1,1,0.5,4.02
74SS1,1,0.5,4.57
74SS1,1,0.5,4.23
87,1,0.5,5.41
87,1,0.5,5.13
87,1,0.5,4.92
87,1,0.5,4.995
118,1,0.5,5.16
118,1,0.5,5.11
118,1,0.5,5
118,1,0.5,4.67
129,1,0.5,5.05
129,1,0.5,4.7
129,1,0.5,4.9
129,1,0.5,4.78
449,1,0.5,5.085
449,1,0.5,4.955
449,1,0.5,4.365
449,1,0.5,4.395
461,1,0.5,4.32
461,1,0.5,4.235
461,1,0.5,4.185
461,1,0.5,4.145
467,1,0.5,3
467,1,0.5,3.055
467,1,0.5,2.855
467,1,0.5,2.825
475,1,0.5,5.12
475,1,0.5,4.82
475,1,0.5,4.725
475,1,0.5,4.875
558,1,0.5,3.315
558,1,0.5,3.095
558,1,0.5,2.76
558,1,0.5,0.2
564,1,0.5,4.515
564,1,0.5,4.4
564,1,0.5,4.6
564,1,0.5,4.74
568,1,0.5,4.875
568,1,0.5,4.815
568,1,0.5,4.52
568,1,0.5,4.11
581,1,0.5,5.475
581,1,0.5,5.135
581,1,0.5,5.29
581,1,0.5,4.59
645,1,0.5,5.22
645,1,0.5,4.955
645,1,0.5,5.06
645,1,0.5,4.735
667,1,0.5,3.69
667,1,0.5,3.145
667,1,0.5,2.785
667,1,0.5,3.085
800,1,0.5,5.13
800,1,0.5,4.125
800,1,0.5,4.36
800,1,0.5,4.165
62-02,1,0.5,5.38
62-02,1,0.5,4.365
62-02,1,0.5,4.065
62-02,1,0.5,5.01
62-03,1,0.5,4.31
62-03,1,0.5,3.96
62-03,1,0.5,3.89
62-03,1,0.5,4.855
62-04,1,0.5,4.845
62-04,1,0.5,4.025
62-04,1,0.5,3.925
62-04,1,0.5,4.115
78-01,1,0.5,
78-01,1,0.5,
78-01,1,0.5,
78-01,1,0.5,
78-02,1,0.5,4.48
78-02,1,0.5,4.23
78-02,1,0.5,4.15
78-02,1,0.5,4.27
78-05,1,0.5,5.145
78-05,1,0.5,5.265
78-05,1,0.5,4.47
78-05,1,0.5,4.58
S-01,1,0.5,4.185
S-01,1,0.5,4.16
S-01,1,0.5,3.735
S-01,1,0.5,4.265
H-01,1,0.5,5.14
H-01,1,0.5,4.67
H-01,1,0.5,4.76
H-01,1,0.5,4.255
H-03,1,0.5,4.7
H-03,1,0.5,4.305
H-03,1,0.5,4.04
H-03,1,0.5,4.01
H-04,1,0.5,4.645
H-04,1,0.5,4.435
H-04,1,0.5,4.15
H-04,1,0.5,5.235
I-20,1,0.5,5.125
I-20,1,0.5,4.745
I-20,1,0.5,4.94
I-20,1,0.5,5.235
419,1,0.5,4.22
419,1,0.5,4.835
419,1,0.5,4.14
419,1,0.5,3.97
413,1,0.5,4.08
413,1,0.5,4.13
413,1,0.5,4.155
413,1,0.5,3.865
W212,1,0.5,4.69
W212,1,0.5,4.35
W212,1,0.5,4.63
W212,1,0.5,4.41
318,1,0.5,5.11
318,1,0.5,4.855
318,1,0.5,4.91
318,1,0.5,4.765
1025,1,0.5,5.005
1025,1,0.5,4.64
1025,1,0.5,4.745
1025,1,0.5,4.64
1026,1,0.5,5.21
1026,1,0.5,5.28
1026,1,0.5,4.98
1026,1,0.5,4.915
1027,1,0.5,4.9
1027,1,0.5,4.46
1027,1,0.5,4.565
1027,1,0.5,4.225
1029,1,0.5,5.125
1029,1,0.5,4.835
1029,1,0.5,4.96
1029,1,0.5,4.66
1032,1,0.5,3.915
1032,1,0.5,3.91
1032,1,0.5,3.355
1032,1,0.5,3.405
1033,1,0.5,5.15
1033,1,0.5,4.545
1033,1,0.5,4.46
1033,1,0.5,4.585
1,1,1,4.515
1,1,1,4.28
1,1,1,4.44
1,1,1,4.615
8,1,1,4.515
8,1,1,4.36
8,1,1,4.28
8,1,1,4.16
12B,1,1,4.42
12B,1,1,4.41
12B,1,1,4.345
12B,1,1,4.215
20,1,1,2.43
20,1,1,3.43
20,1,1,2.84
20,1,1,2.625
123,1,1,1.12
123,1,1,1.68
123,1,1,2.07
123,1,1,1.865
21,1,1,1.59
21,1,1,1.72
21,1,1,1.72
21,1,1,1.63
74SS1,1,1,3.855
74SS1,1,1,3.36
74SS1,1,1,3.495
74SS1,1,1,3.92
87,1,1,4.31
87,1,1,4.4
87,1,1,4.18
87,1,1,4.24
118,1,1,4.025
118,1,1,4.19
118,1,1,3.77
118,1,1,3.81
129,1,1,3.7
129,1,1,4.255
129,1,1,3.88
129,1,1,4.005
449,1,1,4.395
449,1,1,4.015
449,1,1,3.835
449,1,1,3.665
461,1,1,3.045
461,1,1,3.155
461,1,1,3.245
461,1,1,3.135
467,1,1,2.045
467,1,1,1.89
467,1,1,1.475
467,1,1,1.97
475,1,1,4.22
475,1,1,4.37
475,1,1,4.115
475,1,1,4.15
558,1,1,1.705
558,1,1,1.2
558,1,1,2.105
558,1,1,1.58
564,1,1,3.695
564,1,1,3.64
564,1,1,3.835
564,1,1,3.76
568,1,1,3.95
568,1,1,3.735
568,1,1,3.925
568,1,1,3.86
581,1,1,4.07
581,1,1,4.395
581,1,1,4.32
581,1,1,3.98
645,1,1,4.31
645,1,1,4.255
645,1,1,3.14
645,1,1,3.98
667,1,1,1.69
667,1,1,1.505
667,1,1,1.4
667,1,1,1.55
800,1,1,3.895
800,1,1,4.17
800,1,1,3.86
800,1,1,3.84
62-02,1,1,4
62-02,1,1,4.01
62-02,1,1,3.72
62-02,1,1,4.215
62-03,1,1,3.435
62-03,1,1,3.535
62-03,1,1,3.49
62-03,1,1,4.18
62-04,1,1,4.045
62-04,1,1,3.76
62-04,1,1,3.86
62-04,1,1,3.625
78-01,1,1,
78-01,1,1,
78-01,1,1,
78-01,1,1,
78-02,1,1,3.895
78-02,1,1,3.755
78-02,1,1,3.45
78-02,1,1,3.56
78-05,1,1,4.505
78-05,1,1,4.515
78-05,1,1,4.125
78-05,1,1,4.21
S-01,1,1,3.995
S-01,1,1,3.585
S-01,1,1,3.365
S-01,1,1,3.525
H-01,1,1,3.97
H-01,1,1,3.765
H-01,1,1,3.56
H-01,1,1,3.805
H-03,1,1,3.545
H-03,1,1,3.7
H-03,1,1,3.72
H-03,1,1,3.58
H-04,1,1,3.44
H-04,1,1,3.68
H-04,1,1,3.85
H-04,1,1,3.735
I-20,1,1,4.425
I-20,1,1,4.23
I-20,1,1,4.26
I-20,1,1,4.34
419,1,1,4.185
419,1,1,4.315
419,1,1,3.825
419,1,1,3.31
413,1,1,3.36
413,1,1,3.755
413,1,1,3.21
413,1,1,3.4
W212,1,1,3.81
W212,1,1,4.255
W212,1,1,3.74
W212,1,1,3.43
318,1,1,4.225
318,1,1,4.09
318,1,1,4.06
318,1,1,3.995
1025,1,1,3.545
1025,1,1,3.56
1025,1,1,3.745
1025,1,1,3.7
1026,1,1,4.11
1026,1,1,4.3
1026,1,1,4.125
1026,1,1,4.005
1027,1,1,4.29
1027,1,1,3.975
1027,1,1,3.855
1027,1,1,3.62
1029,1,1,4.18
1029,1,1,4.095
1029,1,1,4.075
1029,1,1,3.735
1032,1,1,2.41
1032,1,1,2.81
1032,1,1,2.29
1032,1,1,2.4
1033,1,1,4.285
1033,1,1,4.005
1033,1,1,3.875
1033,1,1,3.67
1,1,2,3.6
1,1,2,3.21
1,1,2,3.575
1,1,2,3.82
8,1,2,3.615
8,1,2,4.135
8,1,2,3.31
8,1,2,3.555
12B,1,2,3.87
12B,1,2,3.565
12B,1,2,3.305
12B,1,2,3.525
20,1,2,2.63
20,1,2,2.615
20,1,2,2.275
20,1,2,2.465
123,1,2,1.58
123,1,2,1.67
123,1,2,1.785
123,1,2,1.655
21,1,2,0.905
21,1,2,0.2
21,1,2,0.4
21,1,2,0.3
74SS1,1,2,3.71
74SS1,1,2,2.52
74SS1,1,2,2.895
74SS1,1,2,3.35
87,1,2,3.595
87,1,2,3.54
87,1,2,3.345
87,1,2,3.51
118,1,2,3.1
118,1,2,3.095
118,1,2,3.145
118,1,2,3.19
129,1,2,3.505
129,1,2,3.315
129,1,2,3.39
129,1,2,3.43
449,1,2,3.475
449,1,2,2.67
449,1,2,2.765
449,1,2,2.945
461,1,2,2.92
461,1,2,2.75
461,1,2,2.32
461,1,2,2.735
467,1,2,1.5
467,1,2,1.085
467,1,2,0.93
467,1,2,0.93
475,1,2,3.71
475,1,2,3.15
475,1,2,2.81
475,1,2,3.21
558,1,2,0.915
558,1,2,0.2
558,1,2,0.2
558,1,2,0.4
564,1,2,2.915
564,1,2,2.49
564,1,2,2.96
564,1,2,3.135
568,1,2,3.325
568,1,2,3.125
568,1,2,3.115
568,1,2,3.14
581,1,2,3.225
581,1,2,3
581,1,2,3.145
581,1,2,3.06
645,1,2,3.5
645,1,2,3.28
645,1,2,3.02
645,1,2,2.95
667,1,2,0.82
667,1,2,0.665
667,1,2,0.705
667,1,2,0.74
800,1,2,3.295
800,1,2,3.02
800,1,2,2.845
800,1,2,3.12
62-02,1,2,2.92
62-02,1,2,2.645
62-02,1,2,2.69
62-02,1,2,3.31
62-03,1,2,3.095
62-03,1,2,2.735
62-03,1,2,2.57
62-03,1,2,3.105
62-04,1,2,2.88
62-04,1,2,2.935
62-04,1,2,2.53
62-04,1,2,2.725
78-01,1,2,
78-01,1,2,
78-01,1,2,
78-01,1,2,
78-02,1,2,3.15
78-02,1,2,2.98
78-02,1,2,3.045
78-02,1,2,2.81
78-05,1,2,3.54
78-05,1,2,3.675
78-05,1,2,3.055
78-05,1,2,3.44
S-01,1,2,2.88
S-01,1,2,2.65
S-01,1,2,2.25
S-01,1,2,2.715
H-01,1,2,3.46
H-01,1,2,3.07
H-01,1,2,2.805
H-01,1,2,3.28
H-03,1,2,3.09
H-03,1,2,2.88
H-03,1,2,2.535
H-03,1,2,2.535
H-04,1,2,2.975
H-04,1,2,2.65
H-04,1,2,2.855
H-04,1,2,2.715
I-20,1,2,3.85
I-20,1,2,3.385
I-20,1,2,3
I-20,1,2,3.655
419,1,2,3.135
419,1,2,3.23
419,1,2,2.89
419,1,2,2.835
413,1,2,2.85
413,1,2,2.62
413,1,2,2.755
413,1,2,2.825
W212,1,2,2.665
W212,1,2,3.28
W212,1,2,2.665
W212,1,2,2.91
318,1,2,3.39
318,1,2,2.965
318,1,2,2.995
318,1,2,3.095
1025,1,2,3.16
1025,1,2,2.945
1025,1,2,2.695
1025,1,2,2.9
1026,1,2,3.26
1026,1,2,2.925
1026,1,2,2.96
1026,1,2,2.95
1027,1,2,3.71
1027,1,2,3.135
1027,1,2,3
1027,1,2,3.11
1029,1,2,3.44
1029,1,2,3
1029,1,2,3.225
1029,1,2,2.78
1032,1,2,1.655
1032,1,2,1.545
1032,1,2,1.38
1032,1,2,1.47
1033,1,2,3.29
1033,1,2,3.175
1033,1,2,2.9
1033,1,2,3.145
1,1,3,2.84
1,1,3,2.85
1,1,3,2.815
1,1,3,3.385
8,1,3,3.105
8,1,3,3.045
8,1,3,2.805
8,1,3,2.57
12B,1,3,3.2
12B,1,3,2.845
12B,1,3,2.985
12B,1,3,2.65
20,1,3,2.57
20,1,3,2.24
20,1,3,2.04
20,1,3,2.14
123,1,3,1.77
123,1,3,1.565
123,1,3,1.375
123,1,3,1.535
21,1,3,0.1
21,1,3,0.1
21,1,3,0
21,1,3,0.05
74SS1,1,3,2.915
74SS1,1,3,2.42
74SS1,1,3,2.255
74SS1,1,3,2.81
87,1,3,3.125
87,1,3,2.915
87,1,3,2.83
87,1,3,2.785
118,1,3,3.075
118,1,3,2.66
118,1,3,2.615
118,1,3,2.41
129,1,3,2.88
129,1,3,2.785
129,1,3,2.91
129,1,3,2.76
449,1,3,2.695
449,1,3,1.88
449,1,3,2.09
449,1,3,2.095
461,1,3,2.135
461,1,3,2.23
461,1,3,2.08
461,1,3,2.21
467,1,3,0.885
467,1,3,0.645
467,1,3,0.71
467,1,3,0.2
475,1,3,3.125
475,1,3,2.705
475,1,3,2.545
475,1,3,2.43
558,1,3,0.1
558,1,3,0.1
558,1,3,0.2
558,1,3,0.1
564,1,3,2.48
564,1,3,2.2
564,1,3,2.385
564,1,3,2.065
568,1,3,2.905
568,1,3,2.45
568,1,3,2.255
568,1,3,2.56
581,1,3,3.015
581,1,3,2.525
581,1,3,2.445
581,1,3,2.365
645,1,3,3.005
645,1,3,2.79
645,1,3,2.5
645,1,3,1.995
667,1,3,0.68
667,1,3,0.2
667,1,3,0.35
667,1,3,0.3
800,1,3,2.92
800,1,3,2.28
800,1,3,2.1
800,1,3,2.27
62-02,1,3,2.2
62-02,1,3,2.085
62-02,1,3,2.365
62-02,1,3,2.685
62-03,1,3,2.095
62-03,1,3,2.255
62-03,1,3,1.925
62-03,1,3,2.58
62-04,1,3,2.405
62-04,1,3,2.11
62-04,1,3,2.015
62-04,1,3,2.155
78-01,1,3,
78-01,1,3,
78-01,1,3,
78-01,1,3,
78-02,1,3,2.58
78-02,1,3,2.15
78-02,1,3,2.54
78-02,1,3,2.18
78-05,1,3,3.015
78-05,1,3,2.48
78-05,1,3,2.24
78-05,1,3,2.5
S-01,1,3,2.54
S-01,1,3,1.985
S-01,1,3,1.9
S-01,1,3,2.03
H-01,1,3,2.545
H-01,1,3,2.23
H-01,1,3,2.115
H-01,1,3,2.425
H-03,1,3,2.365
H-03,1,3,2.09
H-03,1,3,1.995
H-03,1,3,1.685
H-04,1,3,2.485
H-04,1,3,2.175
H-04,1,3,2.235
H-04,1,3,1.86
I-20,1,3,3.55
I-20,1,3,2.74
I-20,1,3,2.45
I-20,1,3,2.785
419,1,3,2.515
419,1,3,2.535
419,1,3,2.445
419,1,3,1.835
413,1,3,2.4
413,1,3,1.765
413,1,3,2.105
413,1,3,1.775
W212,1,3,2.73
W212,1,3,2.41
W212,1,3,2.18
W212,1,3,1.94
318,1,3,2.54
318,1,3,2.525
318,1,3,2.26
318,1,3,2.155
1025,1,3,2.575
1025,1,3,2.09
1025,1,3,2.255
1025,1,3,2.135
1026,1,3,2.755
1026,1,3,2.3
1026,1,3,2.33
1026,1,3,2.045
1027,1,3,3.095
1027,1,3,2.48
1027,1,3,2.415
1027,1,3,2.23
1029,1,3,2.965
1029,1,3,2.49
1029,1,3,2.525
1029,1,3,2.335
1032,1,3,1.395
1032,1,3,0.735
1032,1,3,0.74
1032,1,3,0.685
1033,1,3,2.75
1033,1,3,2.225
1033,1,3,2.255
1033,1,3,2.21
1,1,5,2.02
1,1,5,2.02
1,1,5,2.175
1,1,5,1.8
8,1,5,1.58
8,1,5,2.185
8,1,5,1.885
8,1,5,1.91
12B,1,5,1.68
12B,1,5,2.14
12B,1,5,2.04
12B,1,5,1.98
20,1,5,1.9
20,1,5,1.47
20,1,5,1.505
20,1,5,1.58
123,1,5,1.47
123,1,5,1.485
123,1,5,1.12
123,1,5,1.73
21,1,5,0
21,1,5,0
21,1,5,0
21,1,5,0
74SS1,1,5,1.465
74SS1,1,5,1.68
74SS1,1,5,1.915
74SS1,1,5,2.355
87,1,5,1.83
87,1,5,2.02
87,1,5,2.13
87,1,5,2.075
118,1,5,1.4
118,1,5,1.98
118,1,5,2.15
118,1,5,1.705
129,1,5,1.41
129,1,5,2.165
129,1,5,1.98
129,1,5,2
449,1,5,1.295
449,1,5,1.37
449,1,5,1.385
449,1,5,1.5
461,1,5,1.295
461,1,5,1.305
461,1,5,1.485
461,1,5,1.37
467,1,5,0.1
467,1,5,0.05
467,1,5,0.15
467,1,5,0.1
475,1,5,1.795
475,1,5,1.73
475,1,5,1.725
475,1,5,1.65
558,1,5,0
558,1,5,0.1
558,1,5,0.2
558,1,5,0.1
564,1,5,1.135
564,1,5,1.485
564,1,5,1.515
564,1,5,1.35
568,1,5,1.305
568,1,5,1.65
568,1,5,1.28
568,1,5,1.49
581,1,5,1.525
581,1,5,1.9
581,1,5,1.455
581,1,5,1.415
645,1,5,2.005
645,1,5,1.605
645,1,5,1.805
645,1,5,1.18
667,1,5,0
667,1,5,0.2
667,1,5,0.1
667,1,5,0.1
800,1,5,0.975
800,1,5,1.065
800,1,5,1.155
800,1,5,1.095
62-02,1,5,1.105
62-02,1,5,1.595
62-02,1,5,1.385
62-02,1,5,1.415
62-03,1,5,0.4
62-03,1,5,1.34
62-03,1,5,1.34
62-03,1,5,1.34
62-04,1,5,1.22
62-04,1,5,1.44
62-04,1,5,1.195
62-04,1,5,1.485
78-01,1,5,
78-01,1,5,
78-01,1,5,
78-01,1,5,
78-02,1,5,1.005
78-02,1,5,1.565
78-02,1,5,1.555
78-02,1,5,1.405
78-05,1,5,1.77
78-05,1,5,1.67
78-05,1,5,1.59
78-05,1,5,1.735
S-01,1,5,1.2
S-01,1,5,1.13
S-01,1,5,1.075
S-01,1,5,1.185
H-01,1,5,2.095
H-01,1,5,1.6
H-01,1,5,1.57
H-01,1,5,1.225
H-03,1,5,0
H-03,1,5,1.655
H-03,1,5,1.14
H-03,1,5,1.2
H-04,1,5,1.3
H-04,1,5,1.465
H-04,1,5,1.475
H-04,1,5,1.08
I-20,1,5,1.72
I-20,1,5,2.205
I-20,1,5,1.725
I-20,1,5,1.875
419,1,5,0.99
419,1,5,1.745
419,1,5,1.57
419,1,5,1.09
413,1,5,1.185
413,1,5,1.335
413,1,5,1.32
413,1,5,1.275
W212,1,5,1.505
W212,1,5,1.64
W212,1,5,1.405
W212,1,5,1.095
318,1,5,1.6
318,1,5,1.56
318,1,5,1.39
318,1,5,1.405
1025,1,5,2.05
1025,1,5,1.645
1025,1,5,1.32
1025,1,5,1.21
1026,1,5,1.555
1026,1,5,1.555
1026,1,5,1.36
1026,1,5,1.46
1027,1,5,1.4
1027,1,5,1.48
1027,1,5,1.53
1027,1,5,1.51
1029,1,5,1.51
1029,1,5,1.775
1029,1,5,1.47
1029,1,5,1.65
1032,1,5,0.715
1032,1,5,0.625
1032,1,5,0.72
1032,1,5,0.63
1033,1,5,1.59
1033,1,5,1.665
1033,1,5,1.39
1033,1,5,1.65
1,2,0,8.1
1,2,0,7.93
1,2,0,8.215
1,2,0,8.28
8,2,0,8.175
8,2,0,8.09
8,2,0,7.93
8,2,0,8.125
12B,2,0,7.95
12B,2,0,8.095
12B,2,0,8.07
12B,2,0,7.885
20,2,0,8.455
20,2,0,8.21
20,2,0,8.205
20,2,0,8.335
123,2,0,8.105
123,2,0,7.545
123,2,0,7.915
123,2,0,7.975
21,2,0,8.26
21,2,0,7.945
21,2,0,7.58
21,2,0,8.15
74SS1,2,0,8.145
74SS1,2,0,8.005
74SS1,2,0,8.005
74SS1,2,0,8
87,2,0,7.97
87,2,0,7.905
87,2,0,7.935
87,2,0,8.175
118,2,0,7.72
118,2,0,7.93
118,2,0,7.82
118,2,0,7.9
129,2,0,8.185
129,2,0,7.87
129,2,0,7.75
129,2,0,7.98
449,2,0,7.71
449,2,0,7.67
449,2,0,7.295
449,2,0,7.91
461,2,0,5.76
461,2,0,5.465
461,2,0,5.51
461,2,0,6.445
467,2,0,8.315
467,2,0,7.405
467,2,0,7.745
467,2,0,8.28
475,2,0,7.55
475,2,0,7.415
475,2,0,7.66
475,2,0,7.885
558,2,0,6.925
558,2,0,6.9
558,2,0,6.875
558,2,0,7.155
564,2,0,8.01
564,2,0,7.865
564,2,0,8.01
564,2,0,7.645
568,2,0,8.15
568,2,0,7.645
568,2,0,7.84
568,2,0,7.785
581,2,0,8.25
581,2,0,8.08
581,2,0,8.14
581,2,0,8.26
645,2,0,7.465
645,2,0,7.275
645,2,0,7.565
645,2,0,7.68
667,2,0,7.435
667,2,0,6.91
667,2,0,7.22
667,2,0,7.215
800,2,0,8.345
800,2,0,8.11
800,2,0,8.09
800,2,0,8.41
62-02,2,0,7.105
62-02,2,0,6.9
62-02,2,0,7.66
62-02,2,0,7.63
62-03,2,0,7.74
62-03,2,0,7.985
62-03,2,0,7.67
62-03,2,0,7.245
62-04,2,0,6.985
62-04,2,0,7.755
62-04,2,0,7.75
62-04,2,0,7.725
78-01,2,0,8.145
78-01,2,0,7.575
78-01,2,0,7.815
78-01,2,0,7.47
78-02,2,0,8.1
78-02,2,0,7.87
78-02,2,0,8.215
78-02,2,0,8.29
78-05,2,0,7.76
78-05,2,0,7.95
78-05,2,0,7.62
78-05,2,0,7.685
S-01,2,0,7.485
S-01,2,0,7.27
S-01,2,0,7.18
S-01,2,0,6.925
H-01,2,0,7.52
H-01,2,0,7.83
H-01,2,0,7.6
H-01,2,0,7.775
H-03,2,0,8.215
H-03,2,0,7.895
H-03,2,0,7.66
H-03,2,0,7.83
H-04,2,0,7.835
H-04,2,0,7.7
H-04,2,0,7.47
H-04,2,0,7.58
I-20,2,0,7.915
I-20,2,0,7.51
I-20,2,0,7.795
I-20,2,0,7.585
419,2,0,7.94
419,2,0,7.47
419,2,0,7.63
419,2,0,7.96
413,2,0,7.89
413,2,0,7.985
413,2,0,7.715
413,2,0,7.485
W212,2,0,7.855
W212,2,0,8.12
W212,2,0,7.84
W212,2,0,7.96
318,2,0,7.895
318,2,0,7.42
318,2,0,8.305
318,2,0,8.16
1025,2,0,7.88
1025,2,0,7.41
1025,2,0,7.74
1025,2,0,7.45
1026,2,0,7.82
1026,2,0,7.69
1026,2,0,7.645
1026,2,0,7.76
1027,2,0,7.885
1027,2,0,7.74
1027,2,0,7.545
1027,2,0,7.39
1029,2,0,7.84
1029,2,0,7.38
1029,2,0,7.955
1029,2,0,7.76
1032,2,0,7.765
1032,2,0,7.615
1032,2,0,7.465
1032,2,0,7.385
1033,2,0,7.81
1033,2,0,7.915
1033,2,0,7.32
1033,2,0,7.76
1,2,0.5,4.895
1,2,0.5,5.06
1,2,0.5,4.4
1,2,0.5,4.57
8,2,0.5,4.84
8,2,0.5,5.06
8,2,0.5,4.815
8,2,0.5,4.8
12B,2,0.5,4.98
12B,2,0.5,5.16
12B,2,0.5,4.665
12B,2,0.5,4.63
20,2,0.5,4.845
20,2,0.5,4.91
20,2,0.5,4.885
20,2,0.5,4.835
123,2,0.5,5.03
123,2,0.5,4.935
123,2,0.5,4.835
123,2,0.5,5
21,2,0.5,2.945
21,2,0.5,3.04
21,2,0.5,2.92
21,2,0.5,2.91
74SS1,2,0.5,5.025
74SS1,2,0.5,5.105
74SS1,2,0.5,4.87
74SS1,2,0.5,4.86
87,2,0.5,5.025
87,2,0.5,4.78
87,2,0.5,4.975
87,2,0.5,4.86
118,2,0.5,4.91
118,2,0.5,4.96
118,2,0.5,4.825
118,2,0.5,4.86
129,2,0.5,4.865
129,2,0.5,4.945
129,2,0.5,4.85
129,2,0.5,4.485
449,2,0.5,4.735
449,2,0.5,5.05
449,2,0.5,5.01
449,2,0.5,4.855
461,2,0.5,4.015
461,2,0.5,4.09
461,2,0.5,4.1
461,2,0.5,4.05
467,2,0.5,3.19
467,2,0.5,3.135
467,2,0.5,3.025
467,2,0.5,2.995
475,2,0.5,4.87
475,2,0.5,4.915
475,2,0.5,4.875
475,2,0.5,4.37
558,2,0.5,2.75
558,2,0.5,2.515
558,2,0.5,2.45
558,2,0.5,2.395
564,2,0.5,4.85
564,2,0.5,4.815
564,2,0.5,4.79
564,2,0.5,4.665
568,2,0.5,4.88
568,2,0.5,4.52
568,2,0.5,4.97
568,2,0.5,5.04
581,2,0.5,4.88
581,2,0.5,5.245
581,2,0.5,4.83
581,2,0.5,4.965
645,2,0.5,4.91
645,2,0.5,4.92
645,2,0.5,4.78
645,2,0.5,4.63
667,2,0.5,2.79
667,2,0.5,3.105
667,2,0.5,2.745
667,2,0.5,2.535
800,2,0.5,5.04
800,2,0.5,5.045
800,2,0.5,4.98
800,2,0.5,4.97
62-02,2,0.5,4.825
62-02,2,0.5,4.035
62-02,2,0.5,4.24
62-02,2,0.5,4.515
62-03,2,0.5,5.165
62-03,2,0.5,5.2
62-03,2,0.5,4.86
62-03,2,0.5,4.62
62-04,2,0.5,4.765
62-04,2,0.5,4.585
62-04,2,0.5,4.63
62-04,2,0.5,4.605
78-01,2,0.5,4.965
78-01,2,0.5,5.06
78-01,2,0.5,4.64
78-01,2,0.5,4.535
78-02,2,0.5,4.93
78-02,2,0.5,5.06
78-02,2,0.5,4.44
78-02,2,0.5,4.58
78-05,2,0.5,4.905
78-05,2,0.5,5.16
78-05,2,0.5,4.51
78-05,2,0.5,4.9
S-01,2,0.5,5.04
S-01,2,0.5,4.84
S-01,2,0.5,4.825
S-01,2,0.5,4.725
H-01,2,0.5,4.835
H-01,2,0.5,5
H-01,2,0.5,4.545
H-01,2,0.5,4.565
H-03,2,0.5,4.95
H-03,2,0.5,5.395
H-03,2,0.5,4.965
H-03,2,0.5,4.83
H-04,2,0.5,4.835
H-04,2,0.5,4.83
H-04,2,0.5,4.69
H-04,2,0.5,4.57
I-20,2,0.5,5.14
I-20,2,0.5,5.415
I-20,2,0.5,5.04
I-20,2,0.5,4.98
419,2,0.5,5.31
419,2,0.5,5.19
419,2,0.5,4.98
419,2,0.5,4.95
413,2,0.5,5.115
413,2,0.5,4.95
413,2,0.5,4.725
413,2,0.5,4.675
W212,2,0.5,5.22
W212,2,0.5,5.23
W212,2,0.5,5.075
W212,2,0.5,4.84
318,2,0.5,4.925
318,2,0.5,4.99
318,2,0.5,4.85
318,2,0.5,4.76
1025,2,0.5,4.8
1025,2,0.5,4.945
1025,2,0.5,4.665
1025,2,0.5,4.63
1026,2,0.5,5
1026,2,0.5,5.035
1026,2,0.5,4.925
1026,2,0.5,4.73
1027,2,0.5,4.74
1027,2,0.5,4.78
1027,2,0.5,4.665
1027,2,0.5,4.645
1029,2,0.5,4.975
1029,2,0.5,5.05
1029,2,0.5,4.875
1029,2,0.5,4.735
1032,2,0.5,4.175
1032,2,0.5,3.925
1032,2,0.5,4.125
1032,2,0.5,3.605
1033,2,0.5,4.895
1033,2,0.5,5.24
1033,2,0.5,4.665
1033,2,0.5,4.895
1,2,1,4.495
1,2,1,4.08
1,2,1,4.405
1,2,1,4.19
8,2,1,4.42
8,2,1,3.91
8,2,1,4.345
8,2,1,3.965
12B,2,1,4.18
12B,2,1,3.94
12B,2,1,4.38
12B,2,1,3.45
20,2,1,4.445
20,2,1,4.165
20,2,1,4.23
20,2,1,4.065
123,2,1,4.155
123,2,1,3.765
123,2,1,4.385
123,2,1,3.98
21,2,1,2.25
21,2,1,1.83
21,2,1,2.01
21,2,1,1.81
74SS1,2,1,4.395
74SS1,2,1,3.77
74SS1,2,1,4.405
74SS1,2,1,3.84
87,2,1,4.335
87,2,1,3.875
87,2,1,4.14
87,2,1,4
118,2,1,4.405
118,2,1,4.44
118,2,1,3.875
118,2,1,4.01
129,2,1,4.35
129,2,1,3.865
129,2,1,4.14
129,2,1,3.705
449,2,1,4.375
449,2,1,3.91
449,2,1,4.205
449,2,1,3.715
461,2,1,3.43
461,2,1,3.28
461,2,1,3.635
461,2,1,3.285
467,2,1,2.39
467,2,1,1.97
467,2,1,2.205
467,2,1,1.83
475,2,1,4.47
475,2,1,3.91
475,2,1,4.33
475,2,1,3.375
558,2,1,1.775
558,2,1,0.965
558,2,1,1.125
558,2,1,1
564,2,1,4.525
564,2,1,3.85
564,2,1,4.27
564,2,1,3.86
568,2,1,4.43
568,2,1,4.025
568,2,1,4.385
568,2,1,4.1
581,2,1,4.44
581,2,1,3.96
581,2,1,4.25
581,2,1,3.9
645,2,1,4.215
645,2,1,3.835
645,2,1,4.095
645,2,1,3.605
667,2,1,1.98
667,2,1,1.48
667,2,1,1.36
667,2,1,0.915
800,2,1,4.4
800,2,1,4.075
800,2,1,4.14
800,2,1,4.045
62-02,2,1,4.42
62-02,2,1,3.52
62-02,2,1,3.66
62-02,2,1,3.56
62-03,2,1,4.48
62-03,2,1,3.95
62-03,2,1,4.33
62-03,2,1,4.025
62-04,2,1,4.45
62-04,2,1,3.915
62-04,2,1,4.15
62-04,2,1,3.665
78-01,2,1,4.445
78-01,2,1,3.98
78-01,2,1,4.26
78-01,2,1,4.045
78-02,2,1,4.51
78-02,2,1,4.085
78-02,2,1,4.41
78-02,2,1,4.2
78-05,2,1,4.5
78-05,2,1,4.04
78-05,2,1,4.295
78-05,2,1,4.11
S-01,2,1,4.4
S-01,2,1,3.68
S-01,2,1,4.19
S-01,2,1,3.76
H-01,2,1,4.215
H-01,2,1,3.99
H-01,2,1,4.255
H-01,2,1,3.93
H-03,2,1,4.485
H-03,2,1,4.05
H-03,2,1,4.16
H-03,2,1,3.955
H-04,2,1,4.235
H-04,2,1,3.775
H-04,2,1,4.135
H-04,2,1,3.78
I-20,2,1,4.42
I-20,2,1,4.19
I-20,2,1,4.535
I-20,2,1,4.16
419,2,1,4.685
419,2,1,4.14
419,2,1,4.395
419,2,1,3.99
413,2,1,4.47
413,2,1,3.875
413,2,1,4.205
413,2,1,3.87
W212,2,1,4.52
W212,2,1,4.03
W212,2,1,4.285
W212,2,1,4.03
318,2,1,4.185
318,2,1,3.85
318,2,1,4.205
318,2,1,3.37
1025,2,1,4.255
1025,2,1,3.745
1025,2,1,4.17
1025,2,1,3.92
1026,2,1,4.325
1026,2,1,3.825
1026,2,1,4.13
1026,2,1,4.01
1027,2,1,4.22
1027,2,1,3.76
1027,2,1,4
1027,2,1,3.87
1029,2,1,4.55
1029,2,1,3.79
1029,2,1,4.145
1029,2,1,3.945
1032,2,1,2.775
1032,2,1,2.84
1032,2,1,2.45
1032,2,1,2.375
1033,2,1,4.425
1033,2,1,4.15
1033,2,1,4.235
1033,2,1,3.945
1,2,2,3.285
1,2,2,3.05
1,2,2,3.195
1,2,2,2.81
8,2,2,3.57
8,2,2,2.91
8,2,2,2.935
8,2,2,3.11
12B,2,2,3.055
12B,2,2,3.105
12B,2,2,3.145
12B,2,2,2.8
20,2,2,3.42
20,2,2,3.095
20,2,2,3.16
20,2,2,3.085
123,2,2,3.245
123,2,2,3.05
123,2,2,3
123,2,2,3.05
21,2,2,1.27
21,2,2,0.975
21,2,2,0.895
21,2,2,0.855
74SS1,2,2,3.535
74SS1,2,2,3.135
74SS1,2,2,3.065
74SS1,2,2,3.125
87,2,2,3.425
87,2,2,3.05
87,2,2,3.135
87,2,2,3.03
118,2,2,3.39
118,2,2,3.085
118,2,2,2.965
118,2,2,3.12
129,2,2,3.325
129,2,2,2.7
129,2,2,3.01
129,2,2,2.77
449,2,2,3.255
449,2,2,2.765
449,2,2,2.615
449,2,2,2.525
461,2,2,2.53
461,2,2,2.445
461,2,2,2.43
461,2,2,2.545
467,2,2,1.225
467,2,2,1.05
467,2,2,1.02
467,2,2,0.9
475,2,2,3.225
475,2,2,2.935
475,2,2,2.84
475,2,2,2.53
558,2,2,0.73
558,2,2,0.665
558,2,2,0.64
558,2,2,0.745
564,2,2,3.285
564,2,2,3.025
564,2,2,2.8
564,2,2,2.66
568,2,2,3.355
568,2,2,3.095
568,2,2,3.025
568,2,2,3.1
581,2,2,3.19
581,2,2,2.88
581,2,2,2.885
581,2,2,2.86
645,2,2,2.98
645,2,2,2.97
645,2,2,2.8
645,2,2,2.7
667,2,2,0.3
667,2,2,0.3
667,2,2,0.2
667,2,2,0.3
800,2,2,3.45
800,2,2,2.945
800,2,2,2.92
800,2,2,2.765
62-02,2,2,2.72
62-02,2,2,2.645
62-02,2,2,2.435
62-02,2,2,2.51
62-03,2,2,3.01
62-03,2,2,2.635
62-03,2,2,2.705
62-03,2,2,2.9
62-04,2,2,3.08
62-04,2,2,2.255
62-04,2,2,2.72
62-04,2,2,2.765
78-01,2,2,3.18
78-01,2,2,2.92
78-01,2,2,2.86
78-01,2,2,2.83
78-02,2,2,3.31
78-02,2,2,3.065
78-02,2,2,3.205
78-02,2,2,2.83
78-05,2,2,3.06
78-05,2,2,2.845
78-05,2,2,3.075
78-05,2,2,2.785
S-01,2,2,3.225
S-01,2,2,2.8
S-01,2,2,2.86
S-01,2,2,2.605
H-01,2,2,3
H-01,2,2,2.77
H-01,2,2,2.775
H-01,2,2,2.8
H-03,2,2,2.825
H-03,2,2,2.89
H-03,2,2,2.725
H-03,2,2,2.74
H-04,2,2,3.245
H-04,2,2,2.83
H-04,2,2,2.76
H-04,2,2,2.665
I-20,2,2,3.5
I-20,2,2,3.195
I-20,2,2,3.36
I-20,2,2,3.085
419,2,2,3.47
419,2,2,3.04
419,2,2,2.945
419,2,2,2.7
413,2,2,3.355
413,2,2,2.925
413,2,2,2.73
413,2,2,2.685
W212,2,2,3.27
W212,2,2,3.075
W212,2,2,2.97
W212,2,2,2.77
318,2,2,3.025
318,2,2,2.795
318,2,2,2.705
318,2,2,2.6
1025,2,2,2.945
1025,2,2,2.805
1025,2,2,2.595
1025,2,2,2.675
1026,2,2,3.2
1026,2,2,2.865
1026,2,2,2.75
1026,2,2,2.69
1027,2,2,2.93
1027,2,2,2.815
1027,2,2,2.665
1027,2,2,2.59
1029,2,2,3.34
1029,2,2,2.89
1029,2,2,2.875
1029,2,2,2.605
1032,2,2,1.75
1032,2,2,1.125
1032,2,2,1.255
1032,2,2,0.98
1033,2,2,3.445
1033,2,2,2.94
1033,2,2,2.95
1033,2,2,2.66